The output directory already exists
filenameScalar = /nird/datapeak/NS5011K/users/mali/CISM/GrIS/cism_storage/ismip7_gris_04km_old_driver/GrIS_04km_v01_geo01_ghf01_smb01_otf01_pow/proj/historical_m01_r01/scalars.nc
nt= 65
time_range = 1950-2014
yup
Created field output file /nird/datalake/NS11016K/users/heig/ISMIP7/data_processing/GrIS/NORCE/CISM4/CORE/C001/lim_GrIS_NORCE_CISM4_m001_CESM2-WACCM_f001_historical_C001_1950-2014.nc
yup
Created field output file /nird/datalake/NS11016K/users/heig/ISMIP7/data_processing/GrIS/NORCE/CISM4/CORE/C001/limnsw_GrIS_NORCE_CISM4_m001_CESM2-WACCM_f001_historical_C001_1950-2014.nc
yup
Created field output file /nird/datalake/NS11016K/users/heig/ISMIP7/data_processing/GrIS/NORCE/CISM4/CORE/C001/iareagr_GrIS_NORCE_CISM4_m001_CESM2-WACCM_f001_historical_C001_1950-2014.nc
yup
Created field output file /nird/datalake/NS11016K/users/heig/ISMIP7/data_processing/GrIS/NORCE/CISM4/CORE/C001/iareafl_GrIS_NORCE_CISM4_m001_CESM2-WACCM_f001_historical_C001_1950-2014.nc
yup
Created field output file /nird/datalake/NS11016K/users/heig/ISMIP7/data_processing/GrIS/NORCE/CISM4/CORE/C001/tendacabf_GrIS_NORCE_CISM4_m001_CESM2-WACCM_f001_historical_C001_1950-2014.nc
yup
Created field output file /nird/datalake/NS11016K/users/heig/ISMIP7/data_processing/GrIS/NORCE/CISM4/CORE/C001/tendlibmassbfgr_GrIS_NORCE_CISM4_m001_CESM2-WACCM_f001_historical_C001_1950-2014.nc
yup
Created field output file /nird/datalake/NS11016K/users/heig/ISMIP7/data_processing/GrIS/NORCE/CISM4/CORE/C001/tendlibmassbffl_GrIS_NORCE_CISM4_m001_CESM2-WACCM_f001_historical_C001_1950-2014.nc
yup
Created field output file /nird/datalake/NS11016K/users/heig/ISMIP7/data_processing/GrIS/NORCE/CISM4/CORE/C001/tendlicalvf_GrIS_NORCE_CISM4_m001_CESM2-WACCM_f001_historical_C001_1950-2014.nc
yup
Created field output file /nird/datalake/NS11016K/users/heig/ISMIP7/data_processing/GrIS/NORCE/CISM4/CORE/C001/tendlifmassbf_GrIS_NORCE_CISM4_m001_CESM2-WACCM_f001_historical_C001_1950-2014.nc
yup
Created field output file /nird/datalake/NS11016K/users/heig/ISMIP7/data_processing/GrIS/NORCE/CISM4/CORE/C001/tendligroundf_GrIS_NORCE_CISM4_m001_CESM2-WACCM_f001_historical_C001_1950-2014.nc
The output directory already exists
fileVar = /nird/datapeak/NS5011K/users/mali/CISM/GrIS/cism_storage/ismip7_gris_04km_old_driver/GrIS_04km_v01_geo01_ghf01_smb01_otf01_pow/proj/historical_m01_r01/output.nc
fileMask = /nird/datapeak/NS5011K/users/mali/CISM/GrIS/cism_storage/ismip7_gris_04km_old_driver/GrIS_04km_v01_geo01_ghf01_smb01_otf01_pow/proj/historical_m01_r01/output_mask.nc
nt=65, ny=721, nx=421
base/topg cosmetic fix: 0 wholly-grounded cell(s) set to topg, 0 wholly-floating cell(s) set to topg + 0.1 m
orog correction: no cells changed
time_range = 1950-2014
[1951. 1952. 1953. 1954. 1955. 1956. 1957. 1958. 1959. 1960. 1961. 1962.
 1963. 1964. 1965. 1966. 1967. 1968. 1969. 1970. 1971. 1972. 1973. 1974.
 1975. 1976. 1977. 1978. 1979. 1980. 1981. 1982. 1983. 1984. 1985. 1986.
 1987. 1988. 1989. 1990. 1991. 1992. 1993. 1994. 1995. 1996. 1997. 1998.
 1999. 2000. 2001. 2002. 2003. 2004. 2005. 2006. 2007. 2008. 2009. 2010.
 2011. 2012. 2013. 2014. 2015.]
yup
Created field output file /nird/datalake/NS11016K/users/heig/ISMIP7/data_processing/GrIS/NORCE/CISM4/CORE/C001/lithk_GrIS_NORCE_CISM4_m001_CESM2-WACCM_f001_historical_C001_1950-2014.nc
yup
Created field output file /nird/datalake/NS11016K/users/heig/ISMIP7/data_processing/GrIS/NORCE/CISM4/CORE/C001/orog_GrIS_NORCE_CISM4_m001_CESM2-WACCM_f001_historical_C001_1950-2014.nc
yup
Created field output file /nird/datalake/NS11016K/users/heig/ISMIP7/data_processing/GrIS/NORCE/CISM4/CORE/C001/topg_GrIS_NORCE_CISM4_m001_CESM2-WACCM_f001_historical_C001_1950-2014.nc
yup
Created field output file /nird/datalake/NS11016K/users/heig/ISMIP7/data_processing/GrIS/NORCE/CISM4/CORE/C001/base_GrIS_NORCE_CISM4_m001_CESM2-WACCM_f001_historical_C001_1950-2014.nc
yup
Created field output file /nird/datalake/NS11016K/users/heig/ISMIP7/data_processing/GrIS/NORCE/CISM4/CORE/C001/sftgif_GrIS_NORCE_CISM4_m001_CESM2-WACCM_f001_historical_C001_1950-2014.nc
yup
Created field output file /nird/datalake/NS11016K/users/heig/ISMIP7/data_processing/GrIS/NORCE/CISM4/CORE/C001/sftgrf_GrIS_NORCE_CISM4_m001_CESM2-WACCM_f001_historical_C001_1950-2014.nc
yup
Created field output file /nird/datalake/NS11016K/users/heig/ISMIP7/data_processing/GrIS/NORCE/CISM4/CORE/C001/sftflf_GrIS_NORCE_CISM4_m001_CESM2-WACCM_f001_historical_C001_1950-2014.nc
The output directory already exists
fileVar = /nird/datapeak/NS5011K/users/mali/CISM/GrIS/cism_storage/ismip7_gris_04km_old_driver/GrIS_04km_v01_geo01_ghf01_smb01_otf01_pow/proj/historical_m01_r01/output.nc
fileMask = /nird/datapeak/NS5011K/users/mali/CISM/GrIS/cism_storage/ismip7_gris_04km_old_driver/GrIS_04km_v01_geo01_ghf01_smb01_otf01_pow/proj/historical_m01_r01/output_mask.nc
nt=65, ny=721, nx=421
time_range = 1950-2014
filePrev = /nird/datapeak/NS5011K/users/mali/CISM/GrIS/cism_storage/ismip7_gris_04km_old_driver/GrIS_04km_v01_geo01_ghf01_smb01_otf01_pow/proj/ctrl-proj_m01_r01/restart_in.nc
[1951. 1952. 1953. 1954. 1955. 1956. 1957. 1958. 1959. 1960. 1961. 1962.
 1963. 1964. 1965. 1966. 1967. 1968. 1969. 1970. 1971. 1972. 1973. 1974.
 1975. 1976. 1977. 1978. 1979. 1980. 1981. 1982. 1983. 1984. 1985. 1986.
 1987. 1988. 1989. 1990. 1991. 1992. 1993. 1994. 1995. 1996. 1997. 1998.
 1999. 2000. 2001. 2002. 2003. 2004. 2005. 2006. 2007. 2008. 2009. 2010.
 2011. 2012. 2013. 2014. 2015.]
yup
Created field output file /nird/datalake/NS11016K/users/heig/ISMIP7/data_processing/GrIS/NORCE/CISM4/CORE/C001/acabf_GrIS_NORCE_CISM4_m001_CESM2-WACCM_f001_historical_C001_1950-2014.nc
yup
Created field output file /nird/datalake/NS11016K/users/heig/ISMIP7/data_processing/GrIS/NORCE/CISM4/CORE/C001/libmassbfgr_GrIS_NORCE_CISM4_m001_CESM2-WACCM_f001_historical_C001_1950-2014.nc
yup
Created field output file /nird/datalake/NS11016K/users/heig/ISMIP7/data_processing/GrIS/NORCE/CISM4/CORE/C001/libmassbffl_GrIS_NORCE_CISM4_m001_CESM2-WACCM_f001_historical_C001_1950-2014.nc
yup
Created field output file /nird/datalake/NS11016K/users/heig/ISMIP7/data_processing/GrIS/NORCE/CISM4/CORE/C001/dlithkdt_GrIS_NORCE_CISM4_m001_CESM2-WACCM_f001_historical_C001_1950-2014.nc
yup
Created field output file /nird/datalake/NS11016K/users/heig/ISMIP7/data_processing/GrIS/NORCE/CISM4/CORE/C001/licalvf_GrIS_NORCE_CISM4_m001_CESM2-WACCM_f001_historical_C001_1950-2014.nc
yup
Created field output file /nird/datalake/NS11016K/users/heig/ISMIP7/data_processing/GrIS/NORCE/CISM4/CORE/C001/ligroundf_GrIS_NORCE_CISM4_m001_CESM2-WACCM_f001_historical_C001_1950-2014.nc
yup
Created field output file /nird/datalake/NS11016K/users/heig/ISMIP7/data_processing/GrIS/NORCE/CISM4/CORE/C001/lifmassbf_GrIS_NORCE_CISM4_m001_CESM2-WACCM_f001_historical_C001_1950-2014.nc
The output directory already exists
fileVar = /nird/datapeak/NS5011K/users/mali/CISM/GrIS/cism_storage/ismip7_gris_04km_old_driver/GrIS_04km_v01_geo01_ghf01_smb01_otf01_pow/proj/historical_m01_r01/output.nc
fileMask = /nird/datapeak/NS5011K/users/mali/CISM/GrIS/cism_storage/ismip7_gris_04km_old_driver/GrIS_04km_v01_geo01_ghf01_smb01_otf01_pow/proj/historical_m01_r01/output_mask.nc
time_range = 1950-2014
[1951. 1952. 1953. 1954. 1955. 1956. 1957. 1958. 1959. 1960. 1961. 1962.
 1963. 1964. 1965. 1966. 1967. 1968. 1969. 1970. 1971. 1972. 1973. 1974.
 1975. 1976. 1977. 1978. 1979. 1980. 1981. 1982. 1983. 1984. 1985. 1986.
 1987. 1988. 1989. 1990. 1991. 1992. 1993. 1994. 1995. 1996. 1997. 1998.
 1999. 2000. 2001. 2002. 2003. 2004. 2005. 2006. 2007. 2008. 2009. 2010.
 2011. 2012. 2013. 2014. 2015.]
yup
Created field output file /nird/datalake/NS11016K/users/heig/ISMIP7/data_processing/GrIS/NORCE/CISM4/CORE/C001/xvelmean_GrIS_NORCE_CISM4_m001_CESM2-WACCM_f001_historical_C001_1950-2014.nc
yup
Created field output file /nird/datalake/NS11016K/users/heig/ISMIP7/data_processing/GrIS/NORCE/CISM4/CORE/C001/yvelmean_GrIS_NORCE_CISM4_m001_CESM2-WACCM_f001_historical_C001_1950-2014.nc
yup
Created field output file /nird/datalake/NS11016K/users/heig/ISMIP7/data_processing/GrIS/NORCE/CISM4/CORE/C001/strbasemag_GrIS_NORCE_CISM4_m001_CESM2-WACCM_f001_historical_C001_1950-2014.nc
The output directory already exists
filenameScalar = /nird/datapeak/NS5011K/users/mali/CISM/GrIS/cism_storage/ismip7_gris_04km_old_driver/GrIS_04km_v01_geo01_ghf01_smb01_otf01_pow/proj/historical_m02_r02/scalars.nc
nt= 65
time_range = 1950-2014
yup
Created field output file /nird/datalake/NS11016K/users/heig/ISMIP7/data_processing/GrIS/NORCE/CISM4/CORE/C002/lim_GrIS_NORCE_CISM4_m002_MRI-ESM2-0_f001_historical_C002_1950-2014.nc
yup
Created field output file /nird/datalake/NS11016K/users/heig/ISMIP7/data_processing/GrIS/NORCE/CISM4/CORE/C002/limnsw_GrIS_NORCE_CISM4_m002_MRI-ESM2-0_f001_historical_C002_1950-2014.nc
yup
Created field output file /nird/datalake/NS11016K/users/heig/ISMIP7/data_processing/GrIS/NORCE/CISM4/CORE/C002/iareagr_GrIS_NORCE_CISM4_m002_MRI-ESM2-0_f001_historical_C002_1950-2014.nc
yup
Created field output file /nird/datalake/NS11016K/users/heig/ISMIP7/data_processing/GrIS/NORCE/CISM4/CORE/C002/iareafl_GrIS_NORCE_CISM4_m002_MRI-ESM2-0_f001_historical_C002_1950-2014.nc
yup
Created field output file /nird/datalake/NS11016K/users/heig/ISMIP7/data_processing/GrIS/NORCE/CISM4/CORE/C002/tendacabf_GrIS_NORCE_CISM4_m002_MRI-ESM2-0_f001_historical_C002_1950-2014.nc
yup
Created field output file /nird/datalake/NS11016K/users/heig/ISMIP7/data_processing/GrIS/NORCE/CISM4/CORE/C002/tendlibmassbfgr_GrIS_NORCE_CISM4_m002_MRI-ESM2-0_f001_historical_C002_1950-2014.nc
yup
Created field output file /nird/datalake/NS11016K/users/heig/ISMIP7/data_processing/GrIS/NORCE/CISM4/CORE/C002/tendlibmassbffl_GrIS_NORCE_CISM4_m002_MRI-ESM2-0_f001_historical_C002_1950-2014.nc
yup
Created field output file /nird/datalake/NS11016K/users/heig/ISMIP7/data_processing/GrIS/NORCE/CISM4/CORE/C002/tendlicalvf_GrIS_NORCE_CISM4_m002_MRI-ESM2-0_f001_historical_C002_1950-2014.nc
yup
Created field output file /nird/datalake/NS11016K/users/heig/ISMIP7/data_processing/GrIS/NORCE/CISM4/CORE/C002/tendlifmassbf_GrIS_NORCE_CISM4_m002_MRI-ESM2-0_f001_historical_C002_1950-2014.nc
yup
Created field output file /nird/datalake/NS11016K/users/heig/ISMIP7/data_processing/GrIS/NORCE/CISM4/CORE/C002/tendligroundf_GrIS_NORCE_CISM4_m002_MRI-ESM2-0_f001_historical_C002_1950-2014.nc
The output directory already exists
fileVar = /nird/datapeak/NS5011K/users/mali/CISM/GrIS/cism_storage/ismip7_gris_04km_old_driver/GrIS_04km_v01_geo01_ghf01_smb01_otf01_pow/proj/historical_m02_r02/output.nc
fileMask = /nird/datapeak/NS5011K/users/mali/CISM/GrIS/cism_storage/ismip7_gris_04km_old_driver/GrIS_04km_v01_geo01_ghf01_smb01_otf01_pow/proj/historical_m02_r02/output_mask.nc
nt=65, ny=721, nx=421
base/topg cosmetic fix: 0 wholly-grounded cell(s) set to topg, 0 wholly-floating cell(s) set to topg + 0.1 m
orog correction: no cells changed
time_range = 1950-2014
[1951. 1952. 1953. 1954. 1955. 1956. 1957. 1958. 1959. 1960. 1961. 1962.
 1963. 1964. 1965. 1966. 1967. 1968. 1969. 1970. 1971. 1972. 1973. 1974.
 1975. 1976. 1977. 1978. 1979. 1980. 1981. 1982. 1983. 1984. 1985. 1986.
 1987. 1988. 1989. 1990. 1991. 1992. 1993. 1994. 1995. 1996. 1997. 1998.
 1999. 2000. 2001. 2002. 2003. 2004. 2005. 2006. 2007. 2008. 2009. 2010.
 2011. 2012. 2013. 2014. 2015.]
yup
Created field output file /nird/datalake/NS11016K/users/heig/ISMIP7/data_processing/GrIS/NORCE/CISM4/CORE/C002/lithk_GrIS_NORCE_CISM4_m002_MRI-ESM2-0_f001_historical_C002_1950-2014.nc
yup
Created field output file /nird/datalake/NS11016K/users/heig/ISMIP7/data_processing/GrIS/NORCE/CISM4/CORE/C002/orog_GrIS_NORCE_CISM4_m002_MRI-ESM2-0_f001_historical_C002_1950-2014.nc
yup
Created field output file /nird/datalake/NS11016K/users/heig/ISMIP7/data_processing/GrIS/NORCE/CISM4/CORE/C002/topg_GrIS_NORCE_CISM4_m002_MRI-ESM2-0_f001_historical_C002_1950-2014.nc
yup
Created field output file /nird/datalake/NS11016K/users/heig/ISMIP7/data_processing/GrIS/NORCE/CISM4/CORE/C002/base_GrIS_NORCE_CISM4_m002_MRI-ESM2-0_f001_historical_C002_1950-2014.nc
yup
Created field output file /nird/datalake/NS11016K/users/heig/ISMIP7/data_processing/GrIS/NORCE/CISM4/CORE/C002/sftgif_GrIS_NORCE_CISM4_m002_MRI-ESM2-0_f001_historical_C002_1950-2014.nc
yup
Created field output file /nird/datalake/NS11016K/users/heig/ISMIP7/data_processing/GrIS/NORCE/CISM4/CORE/C002/sftgrf_GrIS_NORCE_CISM4_m002_MRI-ESM2-0_f001_historical_C002_1950-2014.nc
yup
Created field output file /nird/datalake/NS11016K/users/heig/ISMIP7/data_processing/GrIS/NORCE/CISM4/CORE/C002/sftflf_GrIS_NORCE_CISM4_m002_MRI-ESM2-0_f001_historical_C002_1950-2014.nc
The output directory already exists
fileVar = /nird/datapeak/NS5011K/users/mali/CISM/GrIS/cism_storage/ismip7_gris_04km_old_driver/GrIS_04km_v01_geo01_ghf01_smb01_otf01_pow/proj/historical_m02_r02/output.nc
fileMask = /nird/datapeak/NS5011K/users/mali/CISM/GrIS/cism_storage/ismip7_gris_04km_old_driver/GrIS_04km_v01_geo01_ghf01_smb01_otf01_pow/proj/historical_m02_r02/output_mask.nc
nt=65, ny=721, nx=421
time_range = 1950-2014
filePrev = /nird/datapeak/NS5011K/users/mali/CISM/GrIS/cism_storage/ismip7_gris_04km_old_driver/GrIS_04km_v01_geo01_ghf01_smb01_otf01_pow/proj/ctrl-proj_m02_r02/restart_in.nc
[1951. 1952. 1953. 1954. 1955. 1956. 1957. 1958. 1959. 1960. 1961. 1962.
 1963. 1964. 1965. 1966. 1967. 1968. 1969. 1970. 1971. 1972. 1973. 1974.
 1975. 1976. 1977. 1978. 1979. 1980. 1981. 1982. 1983. 1984. 1985. 1986.
 1987. 1988. 1989. 1990. 1991. 1992. 1993. 1994. 1995. 1996. 1997. 1998.
 1999. 2000. 2001. 2002. 2003. 2004. 2005. 2006. 2007. 2008. 2009. 2010.
 2011. 2012. 2013. 2014. 2015.]
yup
Created field output file /nird/datalake/NS11016K/users/heig/ISMIP7/data_processing/GrIS/NORCE/CISM4/CORE/C002/acabf_GrIS_NORCE_CISM4_m002_MRI-ESM2-0_f001_historical_C002_1950-2014.nc
yup
Created field output file /nird/datalake/NS11016K/users/heig/ISMIP7/data_processing/GrIS/NORCE/CISM4/CORE/C002/libmassbfgr_GrIS_NORCE_CISM4_m002_MRI-ESM2-0_f001_historical_C002_1950-2014.nc
yup
Created field output file /nird/datalake/NS11016K/users/heig/ISMIP7/data_processing/GrIS/NORCE/CISM4/CORE/C002/libmassbffl_GrIS_NORCE_CISM4_m002_MRI-ESM2-0_f001_historical_C002_1950-2014.nc
yup
Created field output file /nird/datalake/NS11016K/users/heig/ISMIP7/data_processing/GrIS/NORCE/CISM4/CORE/C002/dlithkdt_GrIS_NORCE_CISM4_m002_MRI-ESM2-0_f001_historical_C002_1950-2014.nc
yup
Created field output file /nird/datalake/NS11016K/users/heig/ISMIP7/data_processing/GrIS/NORCE/CISM4/CORE/C002/licalvf_GrIS_NORCE_CISM4_m002_MRI-ESM2-0_f001_historical_C002_1950-2014.nc
yup
Created field output file /nird/datalake/NS11016K/users/heig/ISMIP7/data_processing/GrIS/NORCE/CISM4/CORE/C002/ligroundf_GrIS_NORCE_CISM4_m002_MRI-ESM2-0_f001_historical_C002_1950-2014.nc
yup
Created field output file /nird/datalake/NS11016K/users/heig/ISMIP7/data_processing/GrIS/NORCE/CISM4/CORE/C002/lifmassbf_GrIS_NORCE_CISM4_m002_MRI-ESM2-0_f001_historical_C002_1950-2014.nc
The output directory already exists
fileVar = /nird/datapeak/NS5011K/users/mali/CISM/GrIS/cism_storage/ismip7_gris_04km_old_driver/GrIS_04km_v01_geo01_ghf01_smb01_otf01_pow/proj/historical_m02_r02/output.nc
fileMask = /nird/datapeak/NS5011K/users/mali/CISM/GrIS/cism_storage/ismip7_gris_04km_old_driver/GrIS_04km_v01_geo01_ghf01_smb01_otf01_pow/proj/historical_m02_r02/output_mask.nc
time_range = 1950-2014
[1951. 1952. 1953. 1954. 1955. 1956. 1957. 1958. 1959. 1960. 1961. 1962.
 1963. 1964. 1965. 1966. 1967. 1968. 1969. 1970. 1971. 1972. 1973. 1974.
 1975. 1976. 1977. 1978. 1979. 1980. 1981. 1982. 1983. 1984. 1985. 1986.
 1987. 1988. 1989. 1990. 1991. 1992. 1993. 1994. 1995. 1996. 1997. 1998.
 1999. 2000. 2001. 2002. 2003. 2004. 2005. 2006. 2007. 2008. 2009. 2010.
 2011. 2012. 2013. 2014. 2015.]
yup
Created field output file /nird/datalake/NS11016K/users/heig/ISMIP7/data_processing/GrIS/NORCE/CISM4/CORE/C002/xvelmean_GrIS_NORCE_CISM4_m002_MRI-ESM2-0_f001_historical_C002_1950-2014.nc
yup
Created field output file /nird/datalake/NS11016K/users/heig/ISMIP7/data_processing/GrIS/NORCE/CISM4/CORE/C002/yvelmean_GrIS_NORCE_CISM4_m002_MRI-ESM2-0_f001_historical_C002_1950-2014.nc
yup
Created field output file /nird/datalake/NS11016K/users/heig/ISMIP7/data_processing/GrIS/NORCE/CISM4/CORE/C002/strbasemag_GrIS_NORCE_CISM4_m002_MRI-ESM2-0_f001_historical_C002_1950-2014.nc
Creating output directory
filenameScalar = /nird/datapeak/NS5011K/users/mali/CISM/GrIS/cism_storage/ismip7_gris_04km_old_driver/GrIS_04km_v01_geo01_ghf01_smb01_otf01_pow/proj/greenland_04km_v01_m01_r01_f70/scalars.nc
nt= 86
time_range = 2015-2100
Created field output file /nird/datalake/NS11016K/users/heig/ISMIP7/data_processing/GrIS/NORCE/CISM4/CORE/C003/lim_GrIS_NORCE_CISM4_m001_CESM2-WACCM_f001_ssp370_C003_2015-2100.nc
Created field output file /nird/datalake/NS11016K/users/heig/ISMIP7/data_processing/GrIS/NORCE/CISM4/CORE/C003/limnsw_GrIS_NORCE_CISM4_m001_CESM2-WACCM_f001_ssp370_C003_2015-2100.nc
Created field output file /nird/datalake/NS11016K/users/heig/ISMIP7/data_processing/GrIS/NORCE/CISM4/CORE/C003/iareagr_GrIS_NORCE_CISM4_m001_CESM2-WACCM_f001_ssp370_C003_2015-2100.nc
Created field output file /nird/datalake/NS11016K/users/heig/ISMIP7/data_processing/GrIS/NORCE/CISM4/CORE/C003/iareafl_GrIS_NORCE_CISM4_m001_CESM2-WACCM_f001_ssp370_C003_2015-2100.nc
Created field output file /nird/datalake/NS11016K/users/heig/ISMIP7/data_processing/GrIS/NORCE/CISM4/CORE/C003/tendacabf_GrIS_NORCE_CISM4_m001_CESM2-WACCM_f001_ssp370_C003_2015-2100.nc
Created field output file /nird/datalake/NS11016K/users/heig/ISMIP7/data_processing/GrIS/NORCE/CISM4/CORE/C003/tendlibmassbfgr_GrIS_NORCE_CISM4_m001_CESM2-WACCM_f001_ssp370_C003_2015-2100.nc
Created field output file /nird/datalake/NS11016K/users/heig/ISMIP7/data_processing/GrIS/NORCE/CISM4/CORE/C003/tendlibmassbffl_GrIS_NORCE_CISM4_m001_CESM2-WACCM_f001_ssp370_C003_2015-2100.nc
Created field output file /nird/datalake/NS11016K/users/heig/ISMIP7/data_processing/GrIS/NORCE/CISM4/CORE/C003/tendlicalvf_GrIS_NORCE_CISM4_m001_CESM2-WACCM_f001_ssp370_C003_2015-2100.nc
Created field output file /nird/datalake/NS11016K/users/heig/ISMIP7/data_processing/GrIS/NORCE/CISM4/CORE/C003/tendlifmassbf_GrIS_NORCE_CISM4_m001_CESM2-WACCM_f001_ssp370_C003_2015-2100.nc
Created field output file /nird/datalake/NS11016K/users/heig/ISMIP7/data_processing/GrIS/NORCE/CISM4/CORE/C003/tendligroundf_GrIS_NORCE_CISM4_m001_CESM2-WACCM_f001_ssp370_C003_2015-2100.nc
The output directory already exists
fileVar = /nird/datapeak/NS5011K/users/mali/CISM/GrIS/cism_storage/ismip7_gris_04km_old_driver/GrIS_04km_v01_geo01_ghf01_smb01_otf01_pow/proj/greenland_04km_v01_m01_r01_f70/output.nc
fileMask = /nird/datapeak/NS5011K/users/mali/CISM/GrIS/cism_storage/ismip7_gris_04km_old_driver/GrIS_04km_v01_geo01_ghf01_smb01_otf01_pow/proj/greenland_04km_v01_m01_r01_f70/output_mask.nc
nt=86, ny=721, nx=421
base/topg cosmetic fix: 0 wholly-grounded cell(s) set to topg, 0 wholly-floating cell(s) set to topg + 0.1 m
orog correction: no cells changed
time_range = 2015-2100
[2016. 2017. 2018. 2019. 2020. 2021. 2022. 2023. 2024. 2025. 2026. 2027.
 2028. 2029. 2030. 2031. 2032. 2033. 2034. 2035. 2036. 2037. 2038. 2039.
 2040. 2041. 2042. 2043. 2044. 2045. 2046. 2047. 2048. 2049. 2050. 2051.
 2052. 2053. 2054. 2055. 2056. 2057. 2058. 2059. 2060. 2061. 2062. 2063.
 2064. 2065. 2066. 2067. 2068. 2069. 2070. 2071. 2072. 2073. 2074. 2075.
 2076. 2077. 2078. 2079. 2080. 2081. 2082. 2083. 2084. 2085. 2086. 2087.
 2088. 2089. 2090. 2091. 2092. 2093. 2094. 2095. 2096. 2097. 2098. 2099.
 2100. 2101.]
Created field output file /nird/datalake/NS11016K/users/heig/ISMIP7/data_processing/GrIS/NORCE/CISM4/CORE/C003/lithk_GrIS_NORCE_CISM4_m001_CESM2-WACCM_f001_ssp370_C003_2015-2100.nc
Created field output file /nird/datalake/NS11016K/users/heig/ISMIP7/data_processing/GrIS/NORCE/CISM4/CORE/C003/orog_GrIS_NORCE_CISM4_m001_CESM2-WACCM_f001_ssp370_C003_2015-2100.nc
Created field output file /nird/datalake/NS11016K/users/heig/ISMIP7/data_processing/GrIS/NORCE/CISM4/CORE/C003/topg_GrIS_NORCE_CISM4_m001_CESM2-WACCM_f001_ssp370_C003_2015-2100.nc
Created field output file /nird/datalake/NS11016K/users/heig/ISMIP7/data_processing/GrIS/NORCE/CISM4/CORE/C003/base_GrIS_NORCE_CISM4_m001_CESM2-WACCM_f001_ssp370_C003_2015-2100.nc
Created field output file /nird/datalake/NS11016K/users/heig/ISMIP7/data_processing/GrIS/NORCE/CISM4/CORE/C003/sftgif_GrIS_NORCE_CISM4_m001_CESM2-WACCM_f001_ssp370_C003_2015-2100.nc
Created field output file /nird/datalake/NS11016K/users/heig/ISMIP7/data_processing/GrIS/NORCE/CISM4/CORE/C003/sftgrf_GrIS_NORCE_CISM4_m001_CESM2-WACCM_f001_ssp370_C003_2015-2100.nc
Created field output file /nird/datalake/NS11016K/users/heig/ISMIP7/data_processing/GrIS/NORCE/CISM4/CORE/C003/sftflf_GrIS_NORCE_CISM4_m001_CESM2-WACCM_f001_ssp370_C003_2015-2100.nc
The output directory already exists
fileVar = /nird/datapeak/NS5011K/users/mali/CISM/GrIS/cism_storage/ismip7_gris_04km_old_driver/GrIS_04km_v01_geo01_ghf01_smb01_otf01_pow/proj/greenland_04km_v01_m01_r01_f70/output.nc
fileMask = /nird/datapeak/NS5011K/users/mali/CISM/GrIS/cism_storage/ismip7_gris_04km_old_driver/GrIS_04km_v01_geo01_ghf01_smb01_otf01_pow/proj/greenland_04km_v01_m01_r01_f70/output_mask.nc
nt=86, ny=721, nx=421
time_range = 2015-2100
filePrev = /nird/datapeak/NS5011K/users/mali/CISM/GrIS/cism_storage/ismip7_gris_04km_old_driver/GrIS_04km_v01_geo01_ghf01_smb01_otf01_pow/proj/historical_m01_r01/output.nc
[2016. 2017. 2018. 2019. 2020. 2021. 2022. 2023. 2024. 2025. 2026. 2027.
 2028. 2029. 2030. 2031. 2032. 2033. 2034. 2035. 2036. 2037. 2038. 2039.
 2040. 2041. 2042. 2043. 2044. 2045. 2046. 2047. 2048. 2049. 2050. 2051.
 2052. 2053. 2054. 2055. 2056. 2057. 2058. 2059. 2060. 2061. 2062. 2063.
 2064. 2065. 2066. 2067. 2068. 2069. 2070. 2071. 2072. 2073. 2074. 2075.
 2076. 2077. 2078. 2079. 2080. 2081. 2082. 2083. 2084. 2085. 2086. 2087.
 2088. 2089. 2090. 2091. 2092. 2093. 2094. 2095. 2096. 2097. 2098. 2099.
 2100. 2101.]
Created field output file /nird/datalake/NS11016K/users/heig/ISMIP7/data_processing/GrIS/NORCE/CISM4/CORE/C003/acabf_GrIS_NORCE_CISM4_m001_CESM2-WACCM_f001_ssp370_C003_2015-2100.nc
Created field output file /nird/datalake/NS11016K/users/heig/ISMIP7/data_processing/GrIS/NORCE/CISM4/CORE/C003/libmassbfgr_GrIS_NORCE_CISM4_m001_CESM2-WACCM_f001_ssp370_C003_2015-2100.nc
Created field output file /nird/datalake/NS11016K/users/heig/ISMIP7/data_processing/GrIS/NORCE/CISM4/CORE/C003/libmassbffl_GrIS_NORCE_CISM4_m001_CESM2-WACCM_f001_ssp370_C003_2015-2100.nc
Created field output file /nird/datalake/NS11016K/users/heig/ISMIP7/data_processing/GrIS/NORCE/CISM4/CORE/C003/dlithkdt_GrIS_NORCE_CISM4_m001_CESM2-WACCM_f001_ssp370_C003_2015-2100.nc
Created field output file /nird/datalake/NS11016K/users/heig/ISMIP7/data_processing/GrIS/NORCE/CISM4/CORE/C003/licalvf_GrIS_NORCE_CISM4_m001_CESM2-WACCM_f001_ssp370_C003_2015-2100.nc
Created field output file /nird/datalake/NS11016K/users/heig/ISMIP7/data_processing/GrIS/NORCE/CISM4/CORE/C003/ligroundf_GrIS_NORCE_CISM4_m001_CESM2-WACCM_f001_ssp370_C003_2015-2100.nc
Created field output file /nird/datalake/NS11016K/users/heig/ISMIP7/data_processing/GrIS/NORCE/CISM4/CORE/C003/lifmassbf_GrIS_NORCE_CISM4_m001_CESM2-WACCM_f001_ssp370_C003_2015-2100.nc
The output directory already exists
fileVar = /nird/datapeak/NS5011K/users/mali/CISM/GrIS/cism_storage/ismip7_gris_04km_old_driver/GrIS_04km_v01_geo01_ghf01_smb01_otf01_pow/proj/greenland_04km_v01_m01_r01_f70/output.nc
fileMask = /nird/datapeak/NS5011K/users/mali/CISM/GrIS/cism_storage/ismip7_gris_04km_old_driver/GrIS_04km_v01_geo01_ghf01_smb01_otf01_pow/proj/greenland_04km_v01_m01_r01_f70/output_mask.nc
time_range = 2015-2100
[2016. 2017. 2018. 2019. 2020. 2021. 2022. 2023. 2024. 2025. 2026. 2027.
 2028. 2029. 2030. 2031. 2032. 2033. 2034. 2035. 2036. 2037. 2038. 2039.
 2040. 2041. 2042. 2043. 2044. 2045. 2046. 2047. 2048. 2049. 2050. 2051.
 2052. 2053. 2054. 2055. 2056. 2057. 2058. 2059. 2060. 2061. 2062. 2063.
 2064. 2065. 2066. 2067. 2068. 2069. 2070. 2071. 2072. 2073. 2074. 2075.
 2076. 2077. 2078. 2079. 2080. 2081. 2082. 2083. 2084. 2085. 2086. 2087.
 2088. 2089. 2090. 2091. 2092. 2093. 2094. 2095. 2096. 2097. 2098. 2099.
 2100. 2101.]
Created field output file /nird/datalake/NS11016K/users/heig/ISMIP7/data_processing/GrIS/NORCE/CISM4/CORE/C003/xvelmean_GrIS_NORCE_CISM4_m001_CESM2-WACCM_f001_ssp370_C003_2015-2100.nc
Created field output file /nird/datalake/NS11016K/users/heig/ISMIP7/data_processing/GrIS/NORCE/CISM4/CORE/C003/yvelmean_GrIS_NORCE_CISM4_m001_CESM2-WACCM_f001_ssp370_C003_2015-2100.nc
Created field output file /nird/datalake/NS11016K/users/heig/ISMIP7/data_processing/GrIS/NORCE/CISM4/CORE/C003/strbasemag_GrIS_NORCE_CISM4_m001_CESM2-WACCM_f001_ssp370_C003_2015-2100.nc
Creating output directory
filenameScalar = /nird/datapeak/NS5011K/users/mali/CISM/GrIS/cism_storage/ismip7_gris_04km_old_driver/GrIS_04km_v01_geo01_ghf01_smb01_otf01_pow/proj/greenland_04km_v01_m02_r02_f70/scalars.nc
nt= 86
time_range = 2015-2100
Created field output file /nird/datalake/NS11016K/users/heig/ISMIP7/data_processing/GrIS/NORCE/CISM4/CORE/C004/lim_GrIS_NORCE_CISM4_m002_MRI-ESM2-0_f001_ssp370_C004_2015-2100.nc
Created field output file /nird/datalake/NS11016K/users/heig/ISMIP7/data_processing/GrIS/NORCE/CISM4/CORE/C004/limnsw_GrIS_NORCE_CISM4_m002_MRI-ESM2-0_f001_ssp370_C004_2015-2100.nc
Created field output file /nird/datalake/NS11016K/users/heig/ISMIP7/data_processing/GrIS/NORCE/CISM4/CORE/C004/iareagr_GrIS_NORCE_CISM4_m002_MRI-ESM2-0_f001_ssp370_C004_2015-2100.nc
Created field output file /nird/datalake/NS11016K/users/heig/ISMIP7/data_processing/GrIS/NORCE/CISM4/CORE/C004/iareafl_GrIS_NORCE_CISM4_m002_MRI-ESM2-0_f001_ssp370_C004_2015-2100.nc
Created field output file /nird/datalake/NS11016K/users/heig/ISMIP7/data_processing/GrIS/NORCE/CISM4/CORE/C004/tendacabf_GrIS_NORCE_CISM4_m002_MRI-ESM2-0_f001_ssp370_C004_2015-2100.nc
Created field output file /nird/datalake/NS11016K/users/heig/ISMIP7/data_processing/GrIS/NORCE/CISM4/CORE/C004/tendlibmassbfgr_GrIS_NORCE_CISM4_m002_MRI-ESM2-0_f001_ssp370_C004_2015-2100.nc
Created field output file /nird/datalake/NS11016K/users/heig/ISMIP7/data_processing/GrIS/NORCE/CISM4/CORE/C004/tendlibmassbffl_GrIS_NORCE_CISM4_m002_MRI-ESM2-0_f001_ssp370_C004_2015-2100.nc
Created field output file /nird/datalake/NS11016K/users/heig/ISMIP7/data_processing/GrIS/NORCE/CISM4/CORE/C004/tendlicalvf_GrIS_NORCE_CISM4_m002_MRI-ESM2-0_f001_ssp370_C004_2015-2100.nc
Created field output file /nird/datalake/NS11016K/users/heig/ISMIP7/data_processing/GrIS/NORCE/CISM4/CORE/C004/tendlifmassbf_GrIS_NORCE_CISM4_m002_MRI-ESM2-0_f001_ssp370_C004_2015-2100.nc
Created field output file /nird/datalake/NS11016K/users/heig/ISMIP7/data_processing/GrIS/NORCE/CISM4/CORE/C004/tendligroundf_GrIS_NORCE_CISM4_m002_MRI-ESM2-0_f001_ssp370_C004_2015-2100.nc
The output directory already exists
fileVar = /nird/datapeak/NS5011K/users/mali/CISM/GrIS/cism_storage/ismip7_gris_04km_old_driver/GrIS_04km_v01_geo01_ghf01_smb01_otf01_pow/proj/greenland_04km_v01_m02_r02_f70/output.nc
fileMask = /nird/datapeak/NS5011K/users/mali/CISM/GrIS/cism_storage/ismip7_gris_04km_old_driver/GrIS_04km_v01_geo01_ghf01_smb01_otf01_pow/proj/greenland_04km_v01_m02_r02_f70/output_mask.nc
nt=86, ny=721, nx=421
base/topg cosmetic fix: 0 wholly-grounded cell(s) set to topg, 0 wholly-floating cell(s) set to topg + 0.1 m
orog correction: no cells changed
time_range = 2015-2100
[2016. 2017. 2018. 2019. 2020. 2021. 2022. 2023. 2024. 2025. 2026. 2027.
 2028. 2029. 2030. 2031. 2032. 2033. 2034. 2035. 2036. 2037. 2038. 2039.
 2040. 2041. 2042. 2043. 2044. 2045. 2046. 2047. 2048. 2049. 2050. 2051.
 2052. 2053. 2054. 2055. 2056. 2057. 2058. 2059. 2060. 2061. 2062. 2063.
 2064. 2065. 2066. 2067. 2068. 2069. 2070. 2071. 2072. 2073. 2074. 2075.
 2076. 2077. 2078. 2079. 2080. 2081. 2082. 2083. 2084. 2085. 2086. 2087.
 2088. 2089. 2090. 2091. 2092. 2093. 2094. 2095. 2096. 2097. 2098. 2099.
 2100. 2101.]
Created field output file /nird/datalake/NS11016K/users/heig/ISMIP7/data_processing/GrIS/NORCE/CISM4/CORE/C004/lithk_GrIS_NORCE_CISM4_m002_MRI-ESM2-0_f001_ssp370_C004_2015-2100.nc
Created field output file /nird/datalake/NS11016K/users/heig/ISMIP7/data_processing/GrIS/NORCE/CISM4/CORE/C004/orog_GrIS_NORCE_CISM4_m002_MRI-ESM2-0_f001_ssp370_C004_2015-2100.nc
Created field output file /nird/datalake/NS11016K/users/heig/ISMIP7/data_processing/GrIS/NORCE/CISM4/CORE/C004/topg_GrIS_NORCE_CISM4_m002_MRI-ESM2-0_f001_ssp370_C004_2015-2100.nc
Created field output file /nird/datalake/NS11016K/users/heig/ISMIP7/data_processing/GrIS/NORCE/CISM4/CORE/C004/base_GrIS_NORCE_CISM4_m002_MRI-ESM2-0_f001_ssp370_C004_2015-2100.nc
Created field output file /nird/datalake/NS11016K/users/heig/ISMIP7/data_processing/GrIS/NORCE/CISM4/CORE/C004/sftgif_GrIS_NORCE_CISM4_m002_MRI-ESM2-0_f001_ssp370_C004_2015-2100.nc
Created field output file /nird/datalake/NS11016K/users/heig/ISMIP7/data_processing/GrIS/NORCE/CISM4/CORE/C004/sftgrf_GrIS_NORCE_CISM4_m002_MRI-ESM2-0_f001_ssp370_C004_2015-2100.nc
Created field output file /nird/datalake/NS11016K/users/heig/ISMIP7/data_processing/GrIS/NORCE/CISM4/CORE/C004/sftflf_GrIS_NORCE_CISM4_m002_MRI-ESM2-0_f001_ssp370_C004_2015-2100.nc
The output directory already exists
fileVar = /nird/datapeak/NS5011K/users/mali/CISM/GrIS/cism_storage/ismip7_gris_04km_old_driver/GrIS_04km_v01_geo01_ghf01_smb01_otf01_pow/proj/greenland_04km_v01_m02_r02_f70/output.nc
fileMask = /nird/datapeak/NS5011K/users/mali/CISM/GrIS/cism_storage/ismip7_gris_04km_old_driver/GrIS_04km_v01_geo01_ghf01_smb01_otf01_pow/proj/greenland_04km_v01_m02_r02_f70/output_mask.nc
nt=86, ny=721, nx=421
time_range = 2015-2100
filePrev = /nird/datapeak/NS5011K/users/mali/CISM/GrIS/cism_storage/ismip7_gris_04km_old_driver/GrIS_04km_v01_geo01_ghf01_smb01_otf01_pow/proj/historical_m02_r02/output.nc
[2016. 2017. 2018. 2019. 2020. 2021. 2022. 2023. 2024. 2025. 2026. 2027.
 2028. 2029. 2030. 2031. 2032. 2033. 2034. 2035. 2036. 2037. 2038. 2039.
 2040. 2041. 2042. 2043. 2044. 2045. 2046. 2047. 2048. 2049. 2050. 2051.
 2052. 2053. 2054. 2055. 2056. 2057. 2058. 2059. 2060. 2061. 2062. 2063.
 2064. 2065. 2066. 2067. 2068. 2069. 2070. 2071. 2072. 2073. 2074. 2075.
 2076. 2077. 2078. 2079. 2080. 2081. 2082. 2083. 2084. 2085. 2086. 2087.
 2088. 2089. 2090. 2091. 2092. 2093. 2094. 2095. 2096. 2097. 2098. 2099.
 2100. 2101.]
Created field output file /nird/datalake/NS11016K/users/heig/ISMIP7/data_processing/GrIS/NORCE/CISM4/CORE/C004/acabf_GrIS_NORCE_CISM4_m002_MRI-ESM2-0_f001_ssp370_C004_2015-2100.nc
Created field output file /nird/datalake/NS11016K/users/heig/ISMIP7/data_processing/GrIS/NORCE/CISM4/CORE/C004/libmassbfgr_GrIS_NORCE_CISM4_m002_MRI-ESM2-0_f001_ssp370_C004_2015-2100.nc
Created field output file /nird/datalake/NS11016K/users/heig/ISMIP7/data_processing/GrIS/NORCE/CISM4/CORE/C004/libmassbffl_GrIS_NORCE_CISM4_m002_MRI-ESM2-0_f001_ssp370_C004_2015-2100.nc
Created field output file /nird/datalake/NS11016K/users/heig/ISMIP7/data_processing/GrIS/NORCE/CISM4/CORE/C004/dlithkdt_GrIS_NORCE_CISM4_m002_MRI-ESM2-0_f001_ssp370_C004_2015-2100.nc
Created field output file /nird/datalake/NS11016K/users/heig/ISMIP7/data_processing/GrIS/NORCE/CISM4/CORE/C004/licalvf_GrIS_NORCE_CISM4_m002_MRI-ESM2-0_f001_ssp370_C004_2015-2100.nc
Created field output file /nird/datalake/NS11016K/users/heig/ISMIP7/data_processing/GrIS/NORCE/CISM4/CORE/C004/ligroundf_GrIS_NORCE_CISM4_m002_MRI-ESM2-0_f001_ssp370_C004_2015-2100.nc
Created field output file /nird/datalake/NS11016K/users/heig/ISMIP7/data_processing/GrIS/NORCE/CISM4/CORE/C004/lifmassbf_GrIS_NORCE_CISM4_m002_MRI-ESM2-0_f001_ssp370_C004_2015-2100.nc
The output directory already exists
fileVar = /nird/datapeak/NS5011K/users/mali/CISM/GrIS/cism_storage/ismip7_gris_04km_old_driver/GrIS_04km_v01_geo01_ghf01_smb01_otf01_pow/proj/greenland_04km_v01_m02_r02_f70/output.nc
fileMask = /nird/datapeak/NS5011K/users/mali/CISM/GrIS/cism_storage/ismip7_gris_04km_old_driver/GrIS_04km_v01_geo01_ghf01_smb01_otf01_pow/proj/greenland_04km_v01_m02_r02_f70/output_mask.nc
time_range = 2015-2100
[2016. 2017. 2018. 2019. 2020. 2021. 2022. 2023. 2024. 2025. 2026. 2027.
 2028. 2029. 2030. 2031. 2032. 2033. 2034. 2035. 2036. 2037. 2038. 2039.
 2040. 2041. 2042. 2043. 2044. 2045. 2046. 2047. 2048. 2049. 2050. 2051.
 2052. 2053. 2054. 2055. 2056. 2057. 2058. 2059. 2060. 2061. 2062. 2063.
 2064. 2065. 2066. 2067. 2068. 2069. 2070. 2071. 2072. 2073. 2074. 2075.
 2076. 2077. 2078. 2079. 2080. 2081. 2082. 2083. 2084. 2085. 2086. 2087.
 2088. 2089. 2090. 2091. 2092. 2093. 2094. 2095. 2096. 2097. 2098. 2099.
 2100. 2101.]
Created field output file /nird/datalake/NS11016K/users/heig/ISMIP7/data_processing/GrIS/NORCE/CISM4/CORE/C004/xvelmean_GrIS_NORCE_CISM4_m002_MRI-ESM2-0_f001_ssp370_C004_2015-2100.nc
Created field output file /nird/datalake/NS11016K/users/heig/ISMIP7/data_processing/GrIS/NORCE/CISM4/CORE/C004/yvelmean_GrIS_NORCE_CISM4_m002_MRI-ESM2-0_f001_ssp370_C004_2015-2100.nc
Created field output file /nird/datalake/NS11016K/users/heig/ISMIP7/data_processing/GrIS/NORCE/CISM4/CORE/C004/strbasemag_GrIS_NORCE_CISM4_m002_MRI-ESM2-0_f001_ssp370_C004_2015-2100.nc
Creating output directory
filenameScalar = /nird/datapeak/NS5011K/users/mali/CISM/GrIS/cism_storage/ismip7_gris_04km_old_driver/GrIS_04km_v01_geo01_ghf01_smb01_otf01_pow/proj/greenland_04km_v01_m01_r01_f26/scalars.nc
nt= 286
time_range = 2015-2300
Created field output file /nird/datalake/NS11016K/users/heig/ISMIP7/data_processing/GrIS/NORCE/CISM4/CORE/C005/lim_GrIS_NORCE_CISM4_m001_CESM2-WACCM_f001_ssp126_C005_2015-2300.nc
Created field output file /nird/datalake/NS11016K/users/heig/ISMIP7/data_processing/GrIS/NORCE/CISM4/CORE/C005/limnsw_GrIS_NORCE_CISM4_m001_CESM2-WACCM_f001_ssp126_C005_2015-2300.nc
Created field output file /nird/datalake/NS11016K/users/heig/ISMIP7/data_processing/GrIS/NORCE/CISM4/CORE/C005/iareagr_GrIS_NORCE_CISM4_m001_CESM2-WACCM_f001_ssp126_C005_2015-2300.nc
Created field output file /nird/datalake/NS11016K/users/heig/ISMIP7/data_processing/GrIS/NORCE/CISM4/CORE/C005/iareafl_GrIS_NORCE_CISM4_m001_CESM2-WACCM_f001_ssp126_C005_2015-2300.nc
Created field output file /nird/datalake/NS11016K/users/heig/ISMIP7/data_processing/GrIS/NORCE/CISM4/CORE/C005/tendacabf_GrIS_NORCE_CISM4_m001_CESM2-WACCM_f001_ssp126_C005_2015-2300.nc
Created field output file /nird/datalake/NS11016K/users/heig/ISMIP7/data_processing/GrIS/NORCE/CISM4/CORE/C005/tendlibmassbfgr_GrIS_NORCE_CISM4_m001_CESM2-WACCM_f001_ssp126_C005_2015-2300.nc
Created field output file /nird/datalake/NS11016K/users/heig/ISMIP7/data_processing/GrIS/NORCE/CISM4/CORE/C005/tendlibmassbffl_GrIS_NORCE_CISM4_m001_CESM2-WACCM_f001_ssp126_C005_2015-2300.nc
Created field output file /nird/datalake/NS11016K/users/heig/ISMIP7/data_processing/GrIS/NORCE/CISM4/CORE/C005/tendlicalvf_GrIS_NORCE_CISM4_m001_CESM2-WACCM_f001_ssp126_C005_2015-2300.nc
Created field output file /nird/datalake/NS11016K/users/heig/ISMIP7/data_processing/GrIS/NORCE/CISM4/CORE/C005/tendlifmassbf_GrIS_NORCE_CISM4_m001_CESM2-WACCM_f001_ssp126_C005_2015-2300.nc
Created field output file /nird/datalake/NS11016K/users/heig/ISMIP7/data_processing/GrIS/NORCE/CISM4/CORE/C005/tendligroundf_GrIS_NORCE_CISM4_m001_CESM2-WACCM_f001_ssp126_C005_2015-2300.nc
The output directory already exists
fileVar = /nird/datapeak/NS5011K/users/mali/CISM/GrIS/cism_storage/ismip7_gris_04km_old_driver/GrIS_04km_v01_geo01_ghf01_smb01_otf01_pow/proj/greenland_04km_v01_m01_r01_f26/output.nc
fileMask = /nird/datapeak/NS5011K/users/mali/CISM/GrIS/cism_storage/ismip7_gris_04km_old_driver/GrIS_04km_v01_geo01_ghf01_smb01_otf01_pow/proj/greenland_04km_v01_m01_r01_f26/output_mask.nc
nt=286, ny=721, nx=421
base/topg cosmetic fix: 0 wholly-grounded cell(s) set to topg, 0 wholly-floating cell(s) set to topg + 0.1 m
orog correction: no cells changed
time_range = 2015-2300
[2016. 2017. 2018. 2019. 2020. 2021. 2022. 2023. 2024. 2025. 2026. 2027.
 2028. 2029. 2030. 2031. 2032. 2033. 2034. 2035. 2036. 2037. 2038. 2039.
 2040. 2041. 2042. 2043. 2044. 2045. 2046. 2047. 2048. 2049. 2050. 2051.
 2052. 2053. 2054. 2055. 2056. 2057. 2058. 2059. 2060. 2061. 2062. 2063.
 2064. 2065. 2066. 2067. 2068. 2069. 2070. 2071. 2072. 2073. 2074. 2075.
 2076. 2077. 2078. 2079. 2080. 2081. 2082. 2083. 2084. 2085. 2086. 2087.
 2088. 2089. 2090. 2091. 2092. 2093. 2094. 2095. 2096. 2097. 2098. 2099.
 2100. 2101. 2102. 2103. 2104. 2105. 2106. 2107. 2108. 2109. 2110. 2111.
 2112. 2113. 2114. 2115. 2116. 2117. 2118. 2119. 2120. 2121. 2122. 2123.
 2124. 2125. 2126. 2127. 2128. 2129. 2130. 2131. 2132. 2133. 2134. 2135.
 2136. 2137. 2138. 2139. 2140. 2141. 2142. 2143. 2144. 2145. 2146. 2147.
 2148. 2149. 2150. 2151. 2152. 2153. 2154. 2155. 2156. 2157. 2158. 2159.
 2160. 2161. 2162. 2163. 2164. 2165. 2166. 2167. 2168. 2169. 2170. 2171.
 2172. 2173. 2174. 2175. 2176. 2177. 2178. 2179. 2180. 2181. 2182. 2183.
 2184. 2185. 2186. 2187. 2188. 2189. 2190. 2191. 2192. 2193. 2194. 2195.
 2196. 2197. 2198. 2199. 2200. 2201. 2202. 2203. 2204. 2205. 2206. 2207.
 2208. 2209. 2210. 2211. 2212. 2213. 2214. 2215. 2216. 2217. 2218. 2219.
 2220. 2221. 2222. 2223. 2224. 2225. 2226. 2227. 2228. 2229. 2230. 2231.
 2232. 2233. 2234. 2235. 2236. 2237. 2238. 2239. 2240. 2241. 2242. 2243.
 2244. 2245. 2246. 2247. 2248. 2249. 2250. 2251. 2252. 2253. 2254. 2255.
 2256. 2257. 2258. 2259. 2260. 2261. 2262. 2263. 2264. 2265. 2266. 2267.
 2268. 2269. 2270. 2271. 2272. 2273. 2274. 2275. 2276. 2277. 2278. 2279.
 2280. 2281. 2282. 2283. 2284. 2285. 2286. 2287. 2288. 2289. 2290. 2291.
 2292. 2293. 2294. 2295. 2296. 2297. 2298. 2299. 2300. 2301.]
Created field output file /nird/datalake/NS11016K/users/heig/ISMIP7/data_processing/GrIS/NORCE/CISM4/CORE/C005/lithk_GrIS_NORCE_CISM4_m001_CESM2-WACCM_f001_ssp126_C005_2015-2300.nc
Created field output file /nird/datalake/NS11016K/users/heig/ISMIP7/data_processing/GrIS/NORCE/CISM4/CORE/C005/orog_GrIS_NORCE_CISM4_m001_CESM2-WACCM_f001_ssp126_C005_2015-2300.nc
Created field output file /nird/datalake/NS11016K/users/heig/ISMIP7/data_processing/GrIS/NORCE/CISM4/CORE/C005/topg_GrIS_NORCE_CISM4_m001_CESM2-WACCM_f001_ssp126_C005_2015-2300.nc
Created field output file /nird/datalake/NS11016K/users/heig/ISMIP7/data_processing/GrIS/NORCE/CISM4/CORE/C005/base_GrIS_NORCE_CISM4_m001_CESM2-WACCM_f001_ssp126_C005_2015-2300.nc
Created field output file /nird/datalake/NS11016K/users/heig/ISMIP7/data_processing/GrIS/NORCE/CISM4/CORE/C005/sftgif_GrIS_NORCE_CISM4_m001_CESM2-WACCM_f001_ssp126_C005_2015-2300.nc
Created field output file /nird/datalake/NS11016K/users/heig/ISMIP7/data_processing/GrIS/NORCE/CISM4/CORE/C005/sftgrf_GrIS_NORCE_CISM4_m001_CESM2-WACCM_f001_ssp126_C005_2015-2300.nc
Created field output file /nird/datalake/NS11016K/users/heig/ISMIP7/data_processing/GrIS/NORCE/CISM4/CORE/C005/sftflf_GrIS_NORCE_CISM4_m001_CESM2-WACCM_f001_ssp126_C005_2015-2300.nc
The output directory already exists
fileVar = /nird/datapeak/NS5011K/users/mali/CISM/GrIS/cism_storage/ismip7_gris_04km_old_driver/GrIS_04km_v01_geo01_ghf01_smb01_otf01_pow/proj/greenland_04km_v01_m01_r01_f26/output.nc
fileMask = /nird/datapeak/NS5011K/users/mali/CISM/GrIS/cism_storage/ismip7_gris_04km_old_driver/GrIS_04km_v01_geo01_ghf01_smb01_otf01_pow/proj/greenland_04km_v01_m01_r01_f26/output_mask.nc
nt=286, ny=721, nx=421
time_range = 2015-2300
filePrev = /nird/datapeak/NS5011K/users/mali/CISM/GrIS/cism_storage/ismip7_gris_04km_old_driver/GrIS_04km_v01_geo01_ghf01_smb01_otf01_pow/proj/historical_m01_r01/output.nc
[2016. 2017. 2018. 2019. 2020. 2021. 2022. 2023. 2024. 2025. 2026. 2027.
 2028. 2029. 2030. 2031. 2032. 2033. 2034. 2035. 2036. 2037. 2038. 2039.
 2040. 2041. 2042. 2043. 2044. 2045. 2046. 2047. 2048. 2049. 2050. 2051.
 2052. 2053. 2054. 2055. 2056. 2057. 2058. 2059. 2060. 2061. 2062. 2063.
 2064. 2065. 2066. 2067. 2068. 2069. 2070. 2071. 2072. 2073. 2074. 2075.
 2076. 2077. 2078. 2079. 2080. 2081. 2082. 2083. 2084. 2085. 2086. 2087.
 2088. 2089. 2090. 2091. 2092. 2093. 2094. 2095. 2096. 2097. 2098. 2099.
 2100. 2101. 2102. 2103. 2104. 2105. 2106. 2107. 2108. 2109. 2110. 2111.
 2112. 2113. 2114. 2115. 2116. 2117. 2118. 2119. 2120. 2121. 2122. 2123.
 2124. 2125. 2126. 2127. 2128. 2129. 2130. 2131. 2132. 2133. 2134. 2135.
 2136. 2137. 2138. 2139. 2140. 2141. 2142. 2143. 2144. 2145. 2146. 2147.
 2148. 2149. 2150. 2151. 2152. 2153. 2154. 2155. 2156. 2157. 2158. 2159.
 2160. 2161. 2162. 2163. 2164. 2165. 2166. 2167. 2168. 2169. 2170. 2171.
 2172. 2173. 2174. 2175. 2176. 2177. 2178. 2179. 2180. 2181. 2182. 2183.
 2184. 2185. 2186. 2187. 2188. 2189. 2190. 2191. 2192. 2193. 2194. 2195.
 2196. 2197. 2198. 2199. 2200. 2201. 2202. 2203. 2204. 2205. 2206. 2207.
 2208. 2209. 2210. 2211. 2212. 2213. 2214. 2215. 2216. 2217. 2218. 2219.
 2220. 2221. 2222. 2223. 2224. 2225. 2226. 2227. 2228. 2229. 2230. 2231.
 2232. 2233. 2234. 2235. 2236. 2237. 2238. 2239. 2240. 2241. 2242. 2243.
 2244. 2245. 2246. 2247. 2248. 2249. 2250. 2251. 2252. 2253. 2254. 2255.
 2256. 2257. 2258. 2259. 2260. 2261. 2262. 2263. 2264. 2265. 2266. 2267.
 2268. 2269. 2270. 2271. 2272. 2273. 2274. 2275. 2276. 2277. 2278. 2279.
 2280. 2281. 2282. 2283. 2284. 2285. 2286. 2287. 2288. 2289. 2290. 2291.
 2292. 2293. 2294. 2295. 2296. 2297. 2298. 2299. 2300. 2301.]
Created field output file /nird/datalake/NS11016K/users/heig/ISMIP7/data_processing/GrIS/NORCE/CISM4/CORE/C005/acabf_GrIS_NORCE_CISM4_m001_CESM2-WACCM_f001_ssp126_C005_2015-2300.nc
Created field output file /nird/datalake/NS11016K/users/heig/ISMIP7/data_processing/GrIS/NORCE/CISM4/CORE/C005/libmassbfgr_GrIS_NORCE_CISM4_m001_CESM2-WACCM_f001_ssp126_C005_2015-2300.nc
Created field output file /nird/datalake/NS11016K/users/heig/ISMIP7/data_processing/GrIS/NORCE/CISM4/CORE/C005/libmassbffl_GrIS_NORCE_CISM4_m001_CESM2-WACCM_f001_ssp126_C005_2015-2300.nc
Created field output file /nird/datalake/NS11016K/users/heig/ISMIP7/data_processing/GrIS/NORCE/CISM4/CORE/C005/dlithkdt_GrIS_NORCE_CISM4_m001_CESM2-WACCM_f001_ssp126_C005_2015-2300.nc
Created field output file /nird/datalake/NS11016K/users/heig/ISMIP7/data_processing/GrIS/NORCE/CISM4/CORE/C005/licalvf_GrIS_NORCE_CISM4_m001_CESM2-WACCM_f001_ssp126_C005_2015-2300.nc
Created field output file /nird/datalake/NS11016K/users/heig/ISMIP7/data_processing/GrIS/NORCE/CISM4/CORE/C005/ligroundf_GrIS_NORCE_CISM4_m001_CESM2-WACCM_f001_ssp126_C005_2015-2300.nc
Created field output file /nird/datalake/NS11016K/users/heig/ISMIP7/data_processing/GrIS/NORCE/CISM4/CORE/C005/lifmassbf_GrIS_NORCE_CISM4_m001_CESM2-WACCM_f001_ssp126_C005_2015-2300.nc
The output directory already exists
fileVar = /nird/datapeak/NS5011K/users/mali/CISM/GrIS/cism_storage/ismip7_gris_04km_old_driver/GrIS_04km_v01_geo01_ghf01_smb01_otf01_pow/proj/greenland_04km_v01_m01_r01_f26/output.nc
fileMask = /nird/datapeak/NS5011K/users/mali/CISM/GrIS/cism_storage/ismip7_gris_04km_old_driver/GrIS_04km_v01_geo01_ghf01_smb01_otf01_pow/proj/greenland_04km_v01_m01_r01_f26/output_mask.nc
time_range = 2015-2300
[2016. 2017. 2018. 2019. 2020. 2021. 2022. 2023. 2024. 2025. 2026. 2027.
 2028. 2029. 2030. 2031. 2032. 2033. 2034. 2035. 2036. 2037. 2038. 2039.
 2040. 2041. 2042. 2043. 2044. 2045. 2046. 2047. 2048. 2049. 2050. 2051.
 2052. 2053. 2054. 2055. 2056. 2057. 2058. 2059. 2060. 2061. 2062. 2063.
 2064. 2065. 2066. 2067. 2068. 2069. 2070. 2071. 2072. 2073. 2074. 2075.
 2076. 2077. 2078. 2079. 2080. 2081. 2082. 2083. 2084. 2085. 2086. 2087.
 2088. 2089. 2090. 2091. 2092. 2093. 2094. 2095. 2096. 2097. 2098. 2099.
 2100. 2101. 2102. 2103. 2104. 2105. 2106. 2107. 2108. 2109. 2110. 2111.
 2112. 2113. 2114. 2115. 2116. 2117. 2118. 2119. 2120. 2121. 2122. 2123.
 2124. 2125. 2126. 2127. 2128. 2129. 2130. 2131. 2132. 2133. 2134. 2135.
 2136. 2137. 2138. 2139. 2140. 2141. 2142. 2143. 2144. 2145. 2146. 2147.
 2148. 2149. 2150. 2151. 2152. 2153. 2154. 2155. 2156. 2157. 2158. 2159.
 2160. 2161. 2162. 2163. 2164. 2165. 2166. 2167. 2168. 2169. 2170. 2171.
 2172. 2173. 2174. 2175. 2176. 2177. 2178. 2179. 2180. 2181. 2182. 2183.
 2184. 2185. 2186. 2187. 2188. 2189. 2190. 2191. 2192. 2193. 2194. 2195.
 2196. 2197. 2198. 2199. 2200. 2201. 2202. 2203. 2204. 2205. 2206. 2207.
 2208. 2209. 2210. 2211. 2212. 2213. 2214. 2215. 2216. 2217. 2218. 2219.
 2220. 2221. 2222. 2223. 2224. 2225. 2226. 2227. 2228. 2229. 2230. 2231.
 2232. 2233. 2234. 2235. 2236. 2237. 2238. 2239. 2240. 2241. 2242. 2243.
 2244. 2245. 2246. 2247. 2248. 2249. 2250. 2251. 2252. 2253. 2254. 2255.
 2256. 2257. 2258. 2259. 2260. 2261. 2262. 2263. 2264. 2265. 2266. 2267.
 2268. 2269. 2270. 2271. 2272. 2273. 2274. 2275. 2276. 2277. 2278. 2279.
 2280. 2281. 2282. 2283. 2284. 2285. 2286. 2287. 2288. 2289. 2290. 2291.
 2292. 2293. 2294. 2295. 2296. 2297. 2298. 2299. 2300. 2301.]
Created field output file /nird/datalake/NS11016K/users/heig/ISMIP7/data_processing/GrIS/NORCE/CISM4/CORE/C005/xvelmean_GrIS_NORCE_CISM4_m001_CESM2-WACCM_f001_ssp126_C005_2015-2300.nc
Created field output file /nird/datalake/NS11016K/users/heig/ISMIP7/data_processing/GrIS/NORCE/CISM4/CORE/C005/yvelmean_GrIS_NORCE_CISM4_m001_CESM2-WACCM_f001_ssp126_C005_2015-2300.nc
Created field output file /nird/datalake/NS11016K/users/heig/ISMIP7/data_processing/GrIS/NORCE/CISM4/CORE/C005/strbasemag_GrIS_NORCE_CISM4_m001_CESM2-WACCM_f001_ssp126_C005_2015-2300.nc
Creating output directory
filenameScalar = /nird/datapeak/NS5011K/users/mali/CISM/GrIS/cism_storage/ismip7_gris_04km_old_driver/GrIS_04km_v01_geo01_ghf01_smb01_otf01_pow/proj/greenland_04km_v01_m02_r02_f26/scalars.nc
nt= 286
time_range = 2015-2300
Created field output file /nird/datalake/NS11016K/users/heig/ISMIP7/data_processing/GrIS/NORCE/CISM4/CORE/C006/lim_GrIS_NORCE_CISM4_m002_MRI-ESM2-0_f001_ssp126_C006_2015-2300.nc
Created field output file /nird/datalake/NS11016K/users/heig/ISMIP7/data_processing/GrIS/NORCE/CISM4/CORE/C006/limnsw_GrIS_NORCE_CISM4_m002_MRI-ESM2-0_f001_ssp126_C006_2015-2300.nc
Created field output file /nird/datalake/NS11016K/users/heig/ISMIP7/data_processing/GrIS/NORCE/CISM4/CORE/C006/iareagr_GrIS_NORCE_CISM4_m002_MRI-ESM2-0_f001_ssp126_C006_2015-2300.nc
Created field output file /nird/datalake/NS11016K/users/heig/ISMIP7/data_processing/GrIS/NORCE/CISM4/CORE/C006/iareafl_GrIS_NORCE_CISM4_m002_MRI-ESM2-0_f001_ssp126_C006_2015-2300.nc
Created field output file /nird/datalake/NS11016K/users/heig/ISMIP7/data_processing/GrIS/NORCE/CISM4/CORE/C006/tendacabf_GrIS_NORCE_CISM4_m002_MRI-ESM2-0_f001_ssp126_C006_2015-2300.nc
Created field output file /nird/datalake/NS11016K/users/heig/ISMIP7/data_processing/GrIS/NORCE/CISM4/CORE/C006/tendlibmassbfgr_GrIS_NORCE_CISM4_m002_MRI-ESM2-0_f001_ssp126_C006_2015-2300.nc
Created field output file /nird/datalake/NS11016K/users/heig/ISMIP7/data_processing/GrIS/NORCE/CISM4/CORE/C006/tendlibmassbffl_GrIS_NORCE_CISM4_m002_MRI-ESM2-0_f001_ssp126_C006_2015-2300.nc
Created field output file /nird/datalake/NS11016K/users/heig/ISMIP7/data_processing/GrIS/NORCE/CISM4/CORE/C006/tendlicalvf_GrIS_NORCE_CISM4_m002_MRI-ESM2-0_f001_ssp126_C006_2015-2300.nc
Created field output file /nird/datalake/NS11016K/users/heig/ISMIP7/data_processing/GrIS/NORCE/CISM4/CORE/C006/tendlifmassbf_GrIS_NORCE_CISM4_m002_MRI-ESM2-0_f001_ssp126_C006_2015-2300.nc
Created field output file /nird/datalake/NS11016K/users/heig/ISMIP7/data_processing/GrIS/NORCE/CISM4/CORE/C006/tendligroundf_GrIS_NORCE_CISM4_m002_MRI-ESM2-0_f001_ssp126_C006_2015-2300.nc
The output directory already exists
fileVar = /nird/datapeak/NS5011K/users/mali/CISM/GrIS/cism_storage/ismip7_gris_04km_old_driver/GrIS_04km_v01_geo01_ghf01_smb01_otf01_pow/proj/greenland_04km_v01_m02_r02_f26/output.nc
fileMask = /nird/datapeak/NS5011K/users/mali/CISM/GrIS/cism_storage/ismip7_gris_04km_old_driver/GrIS_04km_v01_geo01_ghf01_smb01_otf01_pow/proj/greenland_04km_v01_m02_r02_f26/output_mask.nc
nt=286, ny=721, nx=421
base/topg cosmetic fix: 0 wholly-grounded cell(s) set to topg, 0 wholly-floating cell(s) set to topg + 0.1 m
orog correction: no cells changed
time_range = 2015-2300
[2016. 2017. 2018. 2019. 2020. 2021. 2022. 2023. 2024. 2025. 2026. 2027.
 2028. 2029. 2030. 2031. 2032. 2033. 2034. 2035. 2036. 2037. 2038. 2039.
 2040. 2041. 2042. 2043. 2044. 2045. 2046. 2047. 2048. 2049. 2050. 2051.
 2052. 2053. 2054. 2055. 2056. 2057. 2058. 2059. 2060. 2061. 2062. 2063.
 2064. 2065. 2066. 2067. 2068. 2069. 2070. 2071. 2072. 2073. 2074. 2075.
 2076. 2077. 2078. 2079. 2080. 2081. 2082. 2083. 2084. 2085. 2086. 2087.
 2088. 2089. 2090. 2091. 2092. 2093. 2094. 2095. 2096. 2097. 2098. 2099.
 2100. 2101. 2102. 2103. 2104. 2105. 2106. 2107. 2108. 2109. 2110. 2111.
 2112. 2113. 2114. 2115. 2116. 2117. 2118. 2119. 2120. 2121. 2122. 2123.
 2124. 2125. 2126. 2127. 2128. 2129. 2130. 2131. 2132. 2133. 2134. 2135.
 2136. 2137. 2138. 2139. 2140. 2141. 2142. 2143. 2144. 2145. 2146. 2147.
 2148. 2149. 2150. 2151. 2152. 2153. 2154. 2155. 2156. 2157. 2158. 2159.
 2160. 2161. 2162. 2163. 2164. 2165. 2166. 2167. 2168. 2169. 2170. 2171.
 2172. 2173. 2174. 2175. 2176. 2177. 2178. 2179. 2180. 2181. 2182. 2183.
 2184. 2185. 2186. 2187. 2188. 2189. 2190. 2191. 2192. 2193. 2194. 2195.
 2196. 2197. 2198. 2199. 2200. 2201. 2202. 2203. 2204. 2205. 2206. 2207.
 2208. 2209. 2210. 2211. 2212. 2213. 2214. 2215. 2216. 2217. 2218. 2219.
 2220. 2221. 2222. 2223. 2224. 2225. 2226. 2227. 2228. 2229. 2230. 2231.
 2232. 2233. 2234. 2235. 2236. 2237. 2238. 2239. 2240. 2241. 2242. 2243.
 2244. 2245. 2246. 2247. 2248. 2249. 2250. 2251. 2252. 2253. 2254. 2255.
 2256. 2257. 2258. 2259. 2260. 2261. 2262. 2263. 2264. 2265. 2266. 2267.
 2268. 2269. 2270. 2271. 2272. 2273. 2274. 2275. 2276. 2277. 2278. 2279.
 2280. 2281. 2282. 2283. 2284. 2285. 2286. 2287. 2288. 2289. 2290. 2291.
 2292. 2293. 2294. 2295. 2296. 2297. 2298. 2299. 2300. 2301.]
Created field output file /nird/datalake/NS11016K/users/heig/ISMIP7/data_processing/GrIS/NORCE/CISM4/CORE/C006/lithk_GrIS_NORCE_CISM4_m002_MRI-ESM2-0_f001_ssp126_C006_2015-2300.nc
Created field output file /nird/datalake/NS11016K/users/heig/ISMIP7/data_processing/GrIS/NORCE/CISM4/CORE/C006/orog_GrIS_NORCE_CISM4_m002_MRI-ESM2-0_f001_ssp126_C006_2015-2300.nc
Created field output file /nird/datalake/NS11016K/users/heig/ISMIP7/data_processing/GrIS/NORCE/CISM4/CORE/C006/topg_GrIS_NORCE_CISM4_m002_MRI-ESM2-0_f001_ssp126_C006_2015-2300.nc
Created field output file /nird/datalake/NS11016K/users/heig/ISMIP7/data_processing/GrIS/NORCE/CISM4/CORE/C006/base_GrIS_NORCE_CISM4_m002_MRI-ESM2-0_f001_ssp126_C006_2015-2300.nc
Created field output file /nird/datalake/NS11016K/users/heig/ISMIP7/data_processing/GrIS/NORCE/CISM4/CORE/C006/sftgif_GrIS_NORCE_CISM4_m002_MRI-ESM2-0_f001_ssp126_C006_2015-2300.nc
Created field output file /nird/datalake/NS11016K/users/heig/ISMIP7/data_processing/GrIS/NORCE/CISM4/CORE/C006/sftgrf_GrIS_NORCE_CISM4_m002_MRI-ESM2-0_f001_ssp126_C006_2015-2300.nc
Created field output file /nird/datalake/NS11016K/users/heig/ISMIP7/data_processing/GrIS/NORCE/CISM4/CORE/C006/sftflf_GrIS_NORCE_CISM4_m002_MRI-ESM2-0_f001_ssp126_C006_2015-2300.nc
The output directory already exists
fileVar = /nird/datapeak/NS5011K/users/mali/CISM/GrIS/cism_storage/ismip7_gris_04km_old_driver/GrIS_04km_v01_geo01_ghf01_smb01_otf01_pow/proj/greenland_04km_v01_m02_r02_f26/output.nc
fileMask = /nird/datapeak/NS5011K/users/mali/CISM/GrIS/cism_storage/ismip7_gris_04km_old_driver/GrIS_04km_v01_geo01_ghf01_smb01_otf01_pow/proj/greenland_04km_v01_m02_r02_f26/output_mask.nc
nt=286, ny=721, nx=421
time_range = 2015-2300
filePrev = /nird/datapeak/NS5011K/users/mali/CISM/GrIS/cism_storage/ismip7_gris_04km_old_driver/GrIS_04km_v01_geo01_ghf01_smb01_otf01_pow/proj/historical_m02_r02/output.nc
[2016. 2017. 2018. 2019. 2020. 2021. 2022. 2023. 2024. 2025. 2026. 2027.
 2028. 2029. 2030. 2031. 2032. 2033. 2034. 2035. 2036. 2037. 2038. 2039.
 2040. 2041. 2042. 2043. 2044. 2045. 2046. 2047. 2048. 2049. 2050. 2051.
 2052. 2053. 2054. 2055. 2056. 2057. 2058. 2059. 2060. 2061. 2062. 2063.
 2064. 2065. 2066. 2067. 2068. 2069. 2070. 2071. 2072. 2073. 2074. 2075.
 2076. 2077. 2078. 2079. 2080. 2081. 2082. 2083. 2084. 2085. 2086. 2087.
 2088. 2089. 2090. 2091. 2092. 2093. 2094. 2095. 2096. 2097. 2098. 2099.
 2100. 2101. 2102. 2103. 2104. 2105. 2106. 2107. 2108. 2109. 2110. 2111.
 2112. 2113. 2114. 2115. 2116. 2117. 2118. 2119. 2120. 2121. 2122. 2123.
 2124. 2125. 2126. 2127. 2128. 2129. 2130. 2131. 2132. 2133. 2134. 2135.
 2136. 2137. 2138. 2139. 2140. 2141. 2142. 2143. 2144. 2145. 2146. 2147.
 2148. 2149. 2150. 2151. 2152. 2153. 2154. 2155. 2156. 2157. 2158. 2159.
 2160. 2161. 2162. 2163. 2164. 2165. 2166. 2167. 2168. 2169. 2170. 2171.
 2172. 2173. 2174. 2175. 2176. 2177. 2178. 2179. 2180. 2181. 2182. 2183.
 2184. 2185. 2186. 2187. 2188. 2189. 2190. 2191. 2192. 2193. 2194. 2195.
 2196. 2197. 2198. 2199. 2200. 2201. 2202. 2203. 2204. 2205. 2206. 2207.
 2208. 2209. 2210. 2211. 2212. 2213. 2214. 2215. 2216. 2217. 2218. 2219.
 2220. 2221. 2222. 2223. 2224. 2225. 2226. 2227. 2228. 2229. 2230. 2231.
 2232. 2233. 2234. 2235. 2236. 2237. 2238. 2239. 2240. 2241. 2242. 2243.
 2244. 2245. 2246. 2247. 2248. 2249. 2250. 2251. 2252. 2253. 2254. 2255.
 2256. 2257. 2258. 2259. 2260. 2261. 2262. 2263. 2264. 2265. 2266. 2267.
 2268. 2269. 2270. 2271. 2272. 2273. 2274. 2275. 2276. 2277. 2278. 2279.
 2280. 2281. 2282. 2283. 2284. 2285. 2286. 2287. 2288. 2289. 2290. 2291.
 2292. 2293. 2294. 2295. 2296. 2297. 2298. 2299. 2300. 2301.]
Created field output file /nird/datalake/NS11016K/users/heig/ISMIP7/data_processing/GrIS/NORCE/CISM4/CORE/C006/acabf_GrIS_NORCE_CISM4_m002_MRI-ESM2-0_f001_ssp126_C006_2015-2300.nc
Created field output file /nird/datalake/NS11016K/users/heig/ISMIP7/data_processing/GrIS/NORCE/CISM4/CORE/C006/libmassbfgr_GrIS_NORCE_CISM4_m002_MRI-ESM2-0_f001_ssp126_C006_2015-2300.nc
Created field output file /nird/datalake/NS11016K/users/heig/ISMIP7/data_processing/GrIS/NORCE/CISM4/CORE/C006/libmassbffl_GrIS_NORCE_CISM4_m002_MRI-ESM2-0_f001_ssp126_C006_2015-2300.nc
Created field output file /nird/datalake/NS11016K/users/heig/ISMIP7/data_processing/GrIS/NORCE/CISM4/CORE/C006/dlithkdt_GrIS_NORCE_CISM4_m002_MRI-ESM2-0_f001_ssp126_C006_2015-2300.nc
Created field output file /nird/datalake/NS11016K/users/heig/ISMIP7/data_processing/GrIS/NORCE/CISM4/CORE/C006/licalvf_GrIS_NORCE_CISM4_m002_MRI-ESM2-0_f001_ssp126_C006_2015-2300.nc
Created field output file /nird/datalake/NS11016K/users/heig/ISMIP7/data_processing/GrIS/NORCE/CISM4/CORE/C006/ligroundf_GrIS_NORCE_CISM4_m002_MRI-ESM2-0_f001_ssp126_C006_2015-2300.nc
Created field output file /nird/datalake/NS11016K/users/heig/ISMIP7/data_processing/GrIS/NORCE/CISM4/CORE/C006/lifmassbf_GrIS_NORCE_CISM4_m002_MRI-ESM2-0_f001_ssp126_C006_2015-2300.nc
The output directory already exists
fileVar = /nird/datapeak/NS5011K/users/mali/CISM/GrIS/cism_storage/ismip7_gris_04km_old_driver/GrIS_04km_v01_geo01_ghf01_smb01_otf01_pow/proj/greenland_04km_v01_m02_r02_f26/output.nc
fileMask = /nird/datapeak/NS5011K/users/mali/CISM/GrIS/cism_storage/ismip7_gris_04km_old_driver/GrIS_04km_v01_geo01_ghf01_smb01_otf01_pow/proj/greenland_04km_v01_m02_r02_f26/output_mask.nc
time_range = 2015-2300
[2016. 2017. 2018. 2019. 2020. 2021. 2022. 2023. 2024. 2025. 2026. 2027.
 2028. 2029. 2030. 2031. 2032. 2033. 2034. 2035. 2036. 2037. 2038. 2039.
 2040. 2041. 2042. 2043. 2044. 2045. 2046. 2047. 2048. 2049. 2050. 2051.
 2052. 2053. 2054. 2055. 2056. 2057. 2058. 2059. 2060. 2061. 2062. 2063.
 2064. 2065. 2066. 2067. 2068. 2069. 2070. 2071. 2072. 2073. 2074. 2075.
 2076. 2077. 2078. 2079. 2080. 2081. 2082. 2083. 2084. 2085. 2086. 2087.
 2088. 2089. 2090. 2091. 2092. 2093. 2094. 2095. 2096. 2097. 2098. 2099.
 2100. 2101. 2102. 2103. 2104. 2105. 2106. 2107. 2108. 2109. 2110. 2111.
 2112. 2113. 2114. 2115. 2116. 2117. 2118. 2119. 2120. 2121. 2122. 2123.
 2124. 2125. 2126. 2127. 2128. 2129. 2130. 2131. 2132. 2133. 2134. 2135.
 2136. 2137. 2138. 2139. 2140. 2141. 2142. 2143. 2144. 2145. 2146. 2147.
 2148. 2149. 2150. 2151. 2152. 2153. 2154. 2155. 2156. 2157. 2158. 2159.
 2160. 2161. 2162. 2163. 2164. 2165. 2166. 2167. 2168. 2169. 2170. 2171.
 2172. 2173. 2174. 2175. 2176. 2177. 2178. 2179. 2180. 2181. 2182. 2183.
 2184. 2185. 2186. 2187. 2188. 2189. 2190. 2191. 2192. 2193. 2194. 2195.
 2196. 2197. 2198. 2199. 2200. 2201. 2202. 2203. 2204. 2205. 2206. 2207.
 2208. 2209. 2210. 2211. 2212. 2213. 2214. 2215. 2216. 2217. 2218. 2219.
 2220. 2221. 2222. 2223. 2224. 2225. 2226. 2227. 2228. 2229. 2230. 2231.
 2232. 2233. 2234. 2235. 2236. 2237. 2238. 2239. 2240. 2241. 2242. 2243.
 2244. 2245. 2246. 2247. 2248. 2249. 2250. 2251. 2252. 2253. 2254. 2255.
 2256. 2257. 2258. 2259. 2260. 2261. 2262. 2263. 2264. 2265. 2266. 2267.
 2268. 2269. 2270. 2271. 2272. 2273. 2274. 2275. 2276. 2277. 2278. 2279.
 2280. 2281. 2282. 2283. 2284. 2285. 2286. 2287. 2288. 2289. 2290. 2291.
 2292. 2293. 2294. 2295. 2296. 2297. 2298. 2299. 2300. 2301.]
Created field output file /nird/datalake/NS11016K/users/heig/ISMIP7/data_processing/GrIS/NORCE/CISM4/CORE/C006/xvelmean_GrIS_NORCE_CISM4_m002_MRI-ESM2-0_f001_ssp126_C006_2015-2300.nc
Created field output file /nird/datalake/NS11016K/users/heig/ISMIP7/data_processing/GrIS/NORCE/CISM4/CORE/C006/yvelmean_GrIS_NORCE_CISM4_m002_MRI-ESM2-0_f001_ssp126_C006_2015-2300.nc
Created field output file /nird/datalake/NS11016K/users/heig/ISMIP7/data_processing/GrIS/NORCE/CISM4/CORE/C006/strbasemag_GrIS_NORCE_CISM4_m002_MRI-ESM2-0_f001_ssp126_C006_2015-2300.nc
The output directory already exists
filenameScalar = /nird/datapeak/NS5011K/users/mali/CISM/GrIS/cism_storage/ismip7_gris_04km_old_driver/GrIS_04km_v01_geo01_ghf01_smb01_otf01_pow/proj/greenland_04km_v01_m01_r01_f85/scalars.nc
nt= 286
time_range = 2015-2300
Created field output file /nird/datalake/NS11016K/users/heig/ISMIP7/data_processing/GrIS/NORCE/CISM4/CORE/C007/lim_GrIS_NORCE_CISM4_m001_CESM2-WACCM_f001_ssp585_C007_2015-2300.nc
Created field output file /nird/datalake/NS11016K/users/heig/ISMIP7/data_processing/GrIS/NORCE/CISM4/CORE/C007/limnsw_GrIS_NORCE_CISM4_m001_CESM2-WACCM_f001_ssp585_C007_2015-2300.nc
Created field output file /nird/datalake/NS11016K/users/heig/ISMIP7/data_processing/GrIS/NORCE/CISM4/CORE/C007/iareagr_GrIS_NORCE_CISM4_m001_CESM2-WACCM_f001_ssp585_C007_2015-2300.nc
Created field output file /nird/datalake/NS11016K/users/heig/ISMIP7/data_processing/GrIS/NORCE/CISM4/CORE/C007/iareafl_GrIS_NORCE_CISM4_m001_CESM2-WACCM_f001_ssp585_C007_2015-2300.nc
Created field output file /nird/datalake/NS11016K/users/heig/ISMIP7/data_processing/GrIS/NORCE/CISM4/CORE/C007/tendacabf_GrIS_NORCE_CISM4_m001_CESM2-WACCM_f001_ssp585_C007_2015-2300.nc
Created field output file /nird/datalake/NS11016K/users/heig/ISMIP7/data_processing/GrIS/NORCE/CISM4/CORE/C007/tendlibmassbfgr_GrIS_NORCE_CISM4_m001_CESM2-WACCM_f001_ssp585_C007_2015-2300.nc
Created field output file /nird/datalake/NS11016K/users/heig/ISMIP7/data_processing/GrIS/NORCE/CISM4/CORE/C007/tendlibmassbffl_GrIS_NORCE_CISM4_m001_CESM2-WACCM_f001_ssp585_C007_2015-2300.nc
Created field output file /nird/datalake/NS11016K/users/heig/ISMIP7/data_processing/GrIS/NORCE/CISM4/CORE/C007/tendlicalvf_GrIS_NORCE_CISM4_m001_CESM2-WACCM_f001_ssp585_C007_2015-2300.nc
Created field output file /nird/datalake/NS11016K/users/heig/ISMIP7/data_processing/GrIS/NORCE/CISM4/CORE/C007/tendlifmassbf_GrIS_NORCE_CISM4_m001_CESM2-WACCM_f001_ssp585_C007_2015-2300.nc
Created field output file /nird/datalake/NS11016K/users/heig/ISMIP7/data_processing/GrIS/NORCE/CISM4/CORE/C007/tendligroundf_GrIS_NORCE_CISM4_m001_CESM2-WACCM_f001_ssp585_C007_2015-2300.nc
The output directory already exists
fileVar = /nird/datapeak/NS5011K/users/mali/CISM/GrIS/cism_storage/ismip7_gris_04km_old_driver/GrIS_04km_v01_geo01_ghf01_smb01_otf01_pow/proj/greenland_04km_v01_m01_r01_f85/output.nc
fileMask = /nird/datapeak/NS5011K/users/mali/CISM/GrIS/cism_storage/ismip7_gris_04km_old_driver/GrIS_04km_v01_geo01_ghf01_smb01_otf01_pow/proj/greenland_04km_v01_m01_r01_f85/output_mask.nc
nt=286, ny=721, nx=421
base/topg cosmetic fix: 0 wholly-grounded cell(s) set to topg, 0 wholly-floating cell(s) set to topg + 0.1 m
orog correction: no cells changed
time_range = 2015-2300
[2016. 2017. 2018. 2019. 2020. 2021. 2022. 2023. 2024. 2025. 2026. 2027.
 2028. 2029. 2030. 2031. 2032. 2033. 2034. 2035. 2036. 2037. 2038. 2039.
 2040. 2041. 2042. 2043. 2044. 2045. 2046. 2047. 2048. 2049. 2050. 2051.
 2052. 2053. 2054. 2055. 2056. 2057. 2058. 2059. 2060. 2061. 2062. 2063.
 2064. 2065. 2066. 2067. 2068. 2069. 2070. 2071. 2072. 2073. 2074. 2075.
 2076. 2077. 2078. 2079. 2080. 2081. 2082. 2083. 2084. 2085. 2086. 2087.
 2088. 2089. 2090. 2091. 2092. 2093. 2094. 2095. 2096. 2097. 2098. 2099.
 2100. 2101. 2102. 2103. 2104. 2105. 2106. 2107. 2108. 2109. 2110. 2111.
 2112. 2113. 2114. 2115. 2116. 2117. 2118. 2119. 2120. 2121. 2122. 2123.
 2124. 2125. 2126. 2127. 2128. 2129. 2130. 2131. 2132. 2133. 2134. 2135.
 2136. 2137. 2138. 2139. 2140. 2141. 2142. 2143. 2144. 2145. 2146. 2147.
 2148. 2149. 2150. 2151. 2152. 2153. 2154. 2155. 2156. 2157. 2158. 2159.
 2160. 2161. 2162. 2163. 2164. 2165. 2166. 2167. 2168. 2169. 2170. 2171.
 2172. 2173. 2174. 2175. 2176. 2177. 2178. 2179. 2180. 2181. 2182. 2183.
 2184. 2185. 2186. 2187. 2188. 2189. 2190. 2191. 2192. 2193. 2194. 2195.
 2196. 2197. 2198. 2199. 2200. 2201. 2202. 2203. 2204. 2205. 2206. 2207.
 2208. 2209. 2210. 2211. 2212. 2213. 2214. 2215. 2216. 2217. 2218. 2219.
 2220. 2221. 2222. 2223. 2224. 2225. 2226. 2227. 2228. 2229. 2230. 2231.
 2232. 2233. 2234. 2235. 2236. 2237. 2238. 2239. 2240. 2241. 2242. 2243.
 2244. 2245. 2246. 2247. 2248. 2249. 2250. 2251. 2252. 2253. 2254. 2255.
 2256. 2257. 2258. 2259. 2260. 2261. 2262. 2263. 2264. 2265. 2266. 2267.
 2268. 2269. 2270. 2271. 2272. 2273. 2274. 2275. 2276. 2277. 2278. 2279.
 2280. 2281. 2282. 2283. 2284. 2285. 2286. 2287. 2288. 2289. 2290. 2291.
 2292. 2293. 2294. 2295. 2296. 2297. 2298. 2299. 2300. 2301.]
Created field output file /nird/datalake/NS11016K/users/heig/ISMIP7/data_processing/GrIS/NORCE/CISM4/CORE/C007/lithk_GrIS_NORCE_CISM4_m001_CESM2-WACCM_f001_ssp585_C007_2015-2300.nc
Created field output file /nird/datalake/NS11016K/users/heig/ISMIP7/data_processing/GrIS/NORCE/CISM4/CORE/C007/orog_GrIS_NORCE_CISM4_m001_CESM2-WACCM_f001_ssp585_C007_2015-2300.nc
Created field output file /nird/datalake/NS11016K/users/heig/ISMIP7/data_processing/GrIS/NORCE/CISM4/CORE/C007/topg_GrIS_NORCE_CISM4_m001_CESM2-WACCM_f001_ssp585_C007_2015-2300.nc
Created field output file /nird/datalake/NS11016K/users/heig/ISMIP7/data_processing/GrIS/NORCE/CISM4/CORE/C007/base_GrIS_NORCE_CISM4_m001_CESM2-WACCM_f001_ssp585_C007_2015-2300.nc
Created field output file /nird/datalake/NS11016K/users/heig/ISMIP7/data_processing/GrIS/NORCE/CISM4/CORE/C007/sftgif_GrIS_NORCE_CISM4_m001_CESM2-WACCM_f001_ssp585_C007_2015-2300.nc
Created field output file /nird/datalake/NS11016K/users/heig/ISMIP7/data_processing/GrIS/NORCE/CISM4/CORE/C007/sftgrf_GrIS_NORCE_CISM4_m001_CESM2-WACCM_f001_ssp585_C007_2015-2300.nc
Created field output file /nird/datalake/NS11016K/users/heig/ISMIP7/data_processing/GrIS/NORCE/CISM4/CORE/C007/sftflf_GrIS_NORCE_CISM4_m001_CESM2-WACCM_f001_ssp585_C007_2015-2300.nc
The output directory already exists
fileVar = /nird/datapeak/NS5011K/users/mali/CISM/GrIS/cism_storage/ismip7_gris_04km_old_driver/GrIS_04km_v01_geo01_ghf01_smb01_otf01_pow/proj/greenland_04km_v01_m01_r01_f85/output.nc
fileMask = /nird/datapeak/NS5011K/users/mali/CISM/GrIS/cism_storage/ismip7_gris_04km_old_driver/GrIS_04km_v01_geo01_ghf01_smb01_otf01_pow/proj/greenland_04km_v01_m01_r01_f85/output_mask.nc
nt=286, ny=721, nx=421
time_range = 2015-2300
filePrev = /nird/datapeak/NS5011K/users/mali/CISM/GrIS/cism_storage/ismip7_gris_04km_old_driver/GrIS_04km_v01_geo01_ghf01_smb01_otf01_pow/proj/historical_m01_r01/output.nc
[2016. 2017. 2018. 2019. 2020. 2021. 2022. 2023. 2024. 2025. 2026. 2027.
 2028. 2029. 2030. 2031. 2032. 2033. 2034. 2035. 2036. 2037. 2038. 2039.
 2040. 2041. 2042. 2043. 2044. 2045. 2046. 2047. 2048. 2049. 2050. 2051.
 2052. 2053. 2054. 2055. 2056. 2057. 2058. 2059. 2060. 2061. 2062. 2063.
 2064. 2065. 2066. 2067. 2068. 2069. 2070. 2071. 2072. 2073. 2074. 2075.
 2076. 2077. 2078. 2079. 2080. 2081. 2082. 2083. 2084. 2085. 2086. 2087.
 2088. 2089. 2090. 2091. 2092. 2093. 2094. 2095. 2096. 2097. 2098. 2099.
 2100. 2101. 2102. 2103. 2104. 2105. 2106. 2107. 2108. 2109. 2110. 2111.
 2112. 2113. 2114. 2115. 2116. 2117. 2118. 2119. 2120. 2121. 2122. 2123.
 2124. 2125. 2126. 2127. 2128. 2129. 2130. 2131. 2132. 2133. 2134. 2135.
 2136. 2137. 2138. 2139. 2140. 2141. 2142. 2143. 2144. 2145. 2146. 2147.
 2148. 2149. 2150. 2151. 2152. 2153. 2154. 2155. 2156. 2157. 2158. 2159.
 2160. 2161. 2162. 2163. 2164. 2165. 2166. 2167. 2168. 2169. 2170. 2171.
 2172. 2173. 2174. 2175. 2176. 2177. 2178. 2179. 2180. 2181. 2182. 2183.
 2184. 2185. 2186. 2187. 2188. 2189. 2190. 2191. 2192. 2193. 2194. 2195.
 2196. 2197. 2198. 2199. 2200. 2201. 2202. 2203. 2204. 2205. 2206. 2207.
 2208. 2209. 2210. 2211. 2212. 2213. 2214. 2215. 2216. 2217. 2218. 2219.
 2220. 2221. 2222. 2223. 2224. 2225. 2226. 2227. 2228. 2229. 2230. 2231.
 2232. 2233. 2234. 2235. 2236. 2237. 2238. 2239. 2240. 2241. 2242. 2243.
 2244. 2245. 2246. 2247. 2248. 2249. 2250. 2251. 2252. 2253. 2254. 2255.
 2256. 2257. 2258. 2259. 2260. 2261. 2262. 2263. 2264. 2265. 2266. 2267.
 2268. 2269. 2270. 2271. 2272. 2273. 2274. 2275. 2276. 2277. 2278. 2279.
 2280. 2281. 2282. 2283. 2284. 2285. 2286. 2287. 2288. 2289. 2290. 2291.
 2292. 2293. 2294. 2295. 2296. 2297. 2298. 2299. 2300. 2301.]
Created field output file /nird/datalake/NS11016K/users/heig/ISMIP7/data_processing/GrIS/NORCE/CISM4/CORE/C007/acabf_GrIS_NORCE_CISM4_m001_CESM2-WACCM_f001_ssp585_C007_2015-2300.nc
Created field output file /nird/datalake/NS11016K/users/heig/ISMIP7/data_processing/GrIS/NORCE/CISM4/CORE/C007/libmassbfgr_GrIS_NORCE_CISM4_m001_CESM2-WACCM_f001_ssp585_C007_2015-2300.nc
Created field output file /nird/datalake/NS11016K/users/heig/ISMIP7/data_processing/GrIS/NORCE/CISM4/CORE/C007/libmassbffl_GrIS_NORCE_CISM4_m001_CESM2-WACCM_f001_ssp585_C007_2015-2300.nc
Created field output file /nird/datalake/NS11016K/users/heig/ISMIP7/data_processing/GrIS/NORCE/CISM4/CORE/C007/dlithkdt_GrIS_NORCE_CISM4_m001_CESM2-WACCM_f001_ssp585_C007_2015-2300.nc
Created field output file /nird/datalake/NS11016K/users/heig/ISMIP7/data_processing/GrIS/NORCE/CISM4/CORE/C007/licalvf_GrIS_NORCE_CISM4_m001_CESM2-WACCM_f001_ssp585_C007_2015-2300.nc
Created field output file /nird/datalake/NS11016K/users/heig/ISMIP7/data_processing/GrIS/NORCE/CISM4/CORE/C007/ligroundf_GrIS_NORCE_CISM4_m001_CESM2-WACCM_f001_ssp585_C007_2015-2300.nc
Created field output file /nird/datalake/NS11016K/users/heig/ISMIP7/data_processing/GrIS/NORCE/CISM4/CORE/C007/lifmassbf_GrIS_NORCE_CISM4_m001_CESM2-WACCM_f001_ssp585_C007_2015-2300.nc
The output directory already exists
fileVar = /nird/datapeak/NS5011K/users/mali/CISM/GrIS/cism_storage/ismip7_gris_04km_old_driver/GrIS_04km_v01_geo01_ghf01_smb01_otf01_pow/proj/greenland_04km_v01_m01_r01_f85/output.nc
fileMask = /nird/datapeak/NS5011K/users/mali/CISM/GrIS/cism_storage/ismip7_gris_04km_old_driver/GrIS_04km_v01_geo01_ghf01_smb01_otf01_pow/proj/greenland_04km_v01_m01_r01_f85/output_mask.nc
time_range = 2015-2300
[2016. 2017. 2018. 2019. 2020. 2021. 2022. 2023. 2024. 2025. 2026. 2027.
 2028. 2029. 2030. 2031. 2032. 2033. 2034. 2035. 2036. 2037. 2038. 2039.
 2040. 2041. 2042. 2043. 2044. 2045. 2046. 2047. 2048. 2049. 2050. 2051.
 2052. 2053. 2054. 2055. 2056. 2057. 2058. 2059. 2060. 2061. 2062. 2063.
 2064. 2065. 2066. 2067. 2068. 2069. 2070. 2071. 2072. 2073. 2074. 2075.
 2076. 2077. 2078. 2079. 2080. 2081. 2082. 2083. 2084. 2085. 2086. 2087.
 2088. 2089. 2090. 2091. 2092. 2093. 2094. 2095. 2096. 2097. 2098. 2099.
 2100. 2101. 2102. 2103. 2104. 2105. 2106. 2107. 2108. 2109. 2110. 2111.
 2112. 2113. 2114. 2115. 2116. 2117. 2118. 2119. 2120. 2121. 2122. 2123.
 2124. 2125. 2126. 2127. 2128. 2129. 2130. 2131. 2132. 2133. 2134. 2135.
 2136. 2137. 2138. 2139. 2140. 2141. 2142. 2143. 2144. 2145. 2146. 2147.
 2148. 2149. 2150. 2151. 2152. 2153. 2154. 2155. 2156. 2157. 2158. 2159.
 2160. 2161. 2162. 2163. 2164. 2165. 2166. 2167. 2168. 2169. 2170. 2171.
 2172. 2173. 2174. 2175. 2176. 2177. 2178. 2179. 2180. 2181. 2182. 2183.
 2184. 2185. 2186. 2187. 2188. 2189. 2190. 2191. 2192. 2193. 2194. 2195.
 2196. 2197. 2198. 2199. 2200. 2201. 2202. 2203. 2204. 2205. 2206. 2207.
 2208. 2209. 2210. 2211. 2212. 2213. 2214. 2215. 2216. 2217. 2218. 2219.
 2220. 2221. 2222. 2223. 2224. 2225. 2226. 2227. 2228. 2229. 2230. 2231.
 2232. 2233. 2234. 2235. 2236. 2237. 2238. 2239. 2240. 2241. 2242. 2243.
 2244. 2245. 2246. 2247. 2248. 2249. 2250. 2251. 2252. 2253. 2254. 2255.
 2256. 2257. 2258. 2259. 2260. 2261. 2262. 2263. 2264. 2265. 2266. 2267.
 2268. 2269. 2270. 2271. 2272. 2273. 2274. 2275. 2276. 2277. 2278. 2279.
 2280. 2281. 2282. 2283. 2284. 2285. 2286. 2287. 2288. 2289. 2290. 2291.
 2292. 2293. 2294. 2295. 2296. 2297. 2298. 2299. 2300. 2301.]
Created field output file /nird/datalake/NS11016K/users/heig/ISMIP7/data_processing/GrIS/NORCE/CISM4/CORE/C007/xvelmean_GrIS_NORCE_CISM4_m001_CESM2-WACCM_f001_ssp585_C007_2015-2300.nc
Created field output file /nird/datalake/NS11016K/users/heig/ISMIP7/data_processing/GrIS/NORCE/CISM4/CORE/C007/yvelmean_GrIS_NORCE_CISM4_m001_CESM2-WACCM_f001_ssp585_C007_2015-2300.nc
Created field output file /nird/datalake/NS11016K/users/heig/ISMIP7/data_processing/GrIS/NORCE/CISM4/CORE/C007/strbasemag_GrIS_NORCE_CISM4_m001_CESM2-WACCM_f001_ssp585_C007_2015-2300.nc
Creating output directory
filenameScalar = /nird/datapeak/NS5011K/users/mali/CISM/GrIS/cism_storage/ismip7_gris_04km_old_driver/GrIS_04km_v01_geo01_ghf01_smb01_otf01_pow/proj/greenland_04km_v01_m02_r02_f85/scalars.nc
nt= 286
time_range = 2015-2300
Created field output file /nird/datalake/NS11016K/users/heig/ISMIP7/data_processing/GrIS/NORCE/CISM4/CORE/C008/lim_GrIS_NORCE_CISM4_m002_MRI-ESM2-0_f001_ssp585_C008_2015-2300.nc
Created field output file /nird/datalake/NS11016K/users/heig/ISMIP7/data_processing/GrIS/NORCE/CISM4/CORE/C008/limnsw_GrIS_NORCE_CISM4_m002_MRI-ESM2-0_f001_ssp585_C008_2015-2300.nc
Created field output file /nird/datalake/NS11016K/users/heig/ISMIP7/data_processing/GrIS/NORCE/CISM4/CORE/C008/iareagr_GrIS_NORCE_CISM4_m002_MRI-ESM2-0_f001_ssp585_C008_2015-2300.nc
Created field output file /nird/datalake/NS11016K/users/heig/ISMIP7/data_processing/GrIS/NORCE/CISM4/CORE/C008/iareafl_GrIS_NORCE_CISM4_m002_MRI-ESM2-0_f001_ssp585_C008_2015-2300.nc
Created field output file /nird/datalake/NS11016K/users/heig/ISMIP7/data_processing/GrIS/NORCE/CISM4/CORE/C008/tendacabf_GrIS_NORCE_CISM4_m002_MRI-ESM2-0_f001_ssp585_C008_2015-2300.nc
Created field output file /nird/datalake/NS11016K/users/heig/ISMIP7/data_processing/GrIS/NORCE/CISM4/CORE/C008/tendlibmassbfgr_GrIS_NORCE_CISM4_m002_MRI-ESM2-0_f001_ssp585_C008_2015-2300.nc
Created field output file /nird/datalake/NS11016K/users/heig/ISMIP7/data_processing/GrIS/NORCE/CISM4/CORE/C008/tendlibmassbffl_GrIS_NORCE_CISM4_m002_MRI-ESM2-0_f001_ssp585_C008_2015-2300.nc
Created field output file /nird/datalake/NS11016K/users/heig/ISMIP7/data_processing/GrIS/NORCE/CISM4/CORE/C008/tendlicalvf_GrIS_NORCE_CISM4_m002_MRI-ESM2-0_f001_ssp585_C008_2015-2300.nc
Created field output file /nird/datalake/NS11016K/users/heig/ISMIP7/data_processing/GrIS/NORCE/CISM4/CORE/C008/tendlifmassbf_GrIS_NORCE_CISM4_m002_MRI-ESM2-0_f001_ssp585_C008_2015-2300.nc
Created field output file /nird/datalake/NS11016K/users/heig/ISMIP7/data_processing/GrIS/NORCE/CISM4/CORE/C008/tendligroundf_GrIS_NORCE_CISM4_m002_MRI-ESM2-0_f001_ssp585_C008_2015-2300.nc
The output directory already exists
fileVar = /nird/datapeak/NS5011K/users/mali/CISM/GrIS/cism_storage/ismip7_gris_04km_old_driver/GrIS_04km_v01_geo01_ghf01_smb01_otf01_pow/proj/greenland_04km_v01_m02_r02_f85/output.nc
fileMask = /nird/datapeak/NS5011K/users/mali/CISM/GrIS/cism_storage/ismip7_gris_04km_old_driver/GrIS_04km_v01_geo01_ghf01_smb01_otf01_pow/proj/greenland_04km_v01_m02_r02_f85/output_mask.nc
nt=286, ny=721, nx=421
base/topg cosmetic fix: 0 wholly-grounded cell(s) set to topg, 0 wholly-floating cell(s) set to topg + 0.1 m
orog correction: no cells changed
time_range = 2015-2300
[2016. 2017. 2018. 2019. 2020. 2021. 2022. 2023. 2024. 2025. 2026. 2027.
 2028. 2029. 2030. 2031. 2032. 2033. 2034. 2035. 2036. 2037. 2038. 2039.
 2040. 2041. 2042. 2043. 2044. 2045. 2046. 2047. 2048. 2049. 2050. 2051.
 2052. 2053. 2054. 2055. 2056. 2057. 2058. 2059. 2060. 2061. 2062. 2063.
 2064. 2065. 2066. 2067. 2068. 2069. 2070. 2071. 2072. 2073. 2074. 2075.
 2076. 2077. 2078. 2079. 2080. 2081. 2082. 2083. 2084. 2085. 2086. 2087.
 2088. 2089. 2090. 2091. 2092. 2093. 2094. 2095. 2096. 2097. 2098. 2099.
 2100. 2101. 2102. 2103. 2104. 2105. 2106. 2107. 2108. 2109. 2110. 2111.
 2112. 2113. 2114. 2115. 2116. 2117. 2118. 2119. 2120. 2121. 2122. 2123.
 2124. 2125. 2126. 2127. 2128. 2129. 2130. 2131. 2132. 2133. 2134. 2135.
 2136. 2137. 2138. 2139. 2140. 2141. 2142. 2143. 2144. 2145. 2146. 2147.
 2148. 2149. 2150. 2151. 2152. 2153. 2154. 2155. 2156. 2157. 2158. 2159.
 2160. 2161. 2162. 2163. 2164. 2165. 2166. 2167. 2168. 2169. 2170. 2171.
 2172. 2173. 2174. 2175. 2176. 2177. 2178. 2179. 2180. 2181. 2182. 2183.
 2184. 2185. 2186. 2187. 2188. 2189. 2190. 2191. 2192. 2193. 2194. 2195.
 2196. 2197. 2198. 2199. 2200. 2201. 2202. 2203. 2204. 2205. 2206. 2207.
 2208. 2209. 2210. 2211. 2212. 2213. 2214. 2215. 2216. 2217. 2218. 2219.
 2220. 2221. 2222. 2223. 2224. 2225. 2226. 2227. 2228. 2229. 2230. 2231.
 2232. 2233. 2234. 2235. 2236. 2237. 2238. 2239. 2240. 2241. 2242. 2243.
 2244. 2245. 2246. 2247. 2248. 2249. 2250. 2251. 2252. 2253. 2254. 2255.
 2256. 2257. 2258. 2259. 2260. 2261. 2262. 2263. 2264. 2265. 2266. 2267.
 2268. 2269. 2270. 2271. 2272. 2273. 2274. 2275. 2276. 2277. 2278. 2279.
 2280. 2281. 2282. 2283. 2284. 2285. 2286. 2287. 2288. 2289. 2290. 2291.
 2292. 2293. 2294. 2295. 2296. 2297. 2298. 2299. 2300. 2301.]
Created field output file /nird/datalake/NS11016K/users/heig/ISMIP7/data_processing/GrIS/NORCE/CISM4/CORE/C008/lithk_GrIS_NORCE_CISM4_m002_MRI-ESM2-0_f001_ssp585_C008_2015-2300.nc
Created field output file /nird/datalake/NS11016K/users/heig/ISMIP7/data_processing/GrIS/NORCE/CISM4/CORE/C008/orog_GrIS_NORCE_CISM4_m002_MRI-ESM2-0_f001_ssp585_C008_2015-2300.nc
Created field output file /nird/datalake/NS11016K/users/heig/ISMIP7/data_processing/GrIS/NORCE/CISM4/CORE/C008/topg_GrIS_NORCE_CISM4_m002_MRI-ESM2-0_f001_ssp585_C008_2015-2300.nc
Created field output file /nird/datalake/NS11016K/users/heig/ISMIP7/data_processing/GrIS/NORCE/CISM4/CORE/C008/base_GrIS_NORCE_CISM4_m002_MRI-ESM2-0_f001_ssp585_C008_2015-2300.nc
Created field output file /nird/datalake/NS11016K/users/heig/ISMIP7/data_processing/GrIS/NORCE/CISM4/CORE/C008/sftgif_GrIS_NORCE_CISM4_m002_MRI-ESM2-0_f001_ssp585_C008_2015-2300.nc
Created field output file /nird/datalake/NS11016K/users/heig/ISMIP7/data_processing/GrIS/NORCE/CISM4/CORE/C008/sftgrf_GrIS_NORCE_CISM4_m002_MRI-ESM2-0_f001_ssp585_C008_2015-2300.nc
Created field output file /nird/datalake/NS11016K/users/heig/ISMIP7/data_processing/GrIS/NORCE/CISM4/CORE/C008/sftflf_GrIS_NORCE_CISM4_m002_MRI-ESM2-0_f001_ssp585_C008_2015-2300.nc
The output directory already exists
fileVar = /nird/datapeak/NS5011K/users/mali/CISM/GrIS/cism_storage/ismip7_gris_04km_old_driver/GrIS_04km_v01_geo01_ghf01_smb01_otf01_pow/proj/greenland_04km_v01_m02_r02_f85/output.nc
fileMask = /nird/datapeak/NS5011K/users/mali/CISM/GrIS/cism_storage/ismip7_gris_04km_old_driver/GrIS_04km_v01_geo01_ghf01_smb01_otf01_pow/proj/greenland_04km_v01_m02_r02_f85/output_mask.nc
nt=286, ny=721, nx=421
time_range = 2015-2300
filePrev = /nird/datapeak/NS5011K/users/mali/CISM/GrIS/cism_storage/ismip7_gris_04km_old_driver/GrIS_04km_v01_geo01_ghf01_smb01_otf01_pow/proj/historical_m02_r02/output.nc
[2016. 2017. 2018. 2019. 2020. 2021. 2022. 2023. 2024. 2025. 2026. 2027.
 2028. 2029. 2030. 2031. 2032. 2033. 2034. 2035. 2036. 2037. 2038. 2039.
 2040. 2041. 2042. 2043. 2044. 2045. 2046. 2047. 2048. 2049. 2050. 2051.
 2052. 2053. 2054. 2055. 2056. 2057. 2058. 2059. 2060. 2061. 2062. 2063.
 2064. 2065. 2066. 2067. 2068. 2069. 2070. 2071. 2072. 2073. 2074. 2075.
 2076. 2077. 2078. 2079. 2080. 2081. 2082. 2083. 2084. 2085. 2086. 2087.
 2088. 2089. 2090. 2091. 2092. 2093. 2094. 2095. 2096. 2097. 2098. 2099.
 2100. 2101. 2102. 2103. 2104. 2105. 2106. 2107. 2108. 2109. 2110. 2111.
 2112. 2113. 2114. 2115. 2116. 2117. 2118. 2119. 2120. 2121. 2122. 2123.
 2124. 2125. 2126. 2127. 2128. 2129. 2130. 2131. 2132. 2133. 2134. 2135.
 2136. 2137. 2138. 2139. 2140. 2141. 2142. 2143. 2144. 2145. 2146. 2147.
 2148. 2149. 2150. 2151. 2152. 2153. 2154. 2155. 2156. 2157. 2158. 2159.
 2160. 2161. 2162. 2163. 2164. 2165. 2166. 2167. 2168. 2169. 2170. 2171.
 2172. 2173. 2174. 2175. 2176. 2177. 2178. 2179. 2180. 2181. 2182. 2183.
 2184. 2185. 2186. 2187. 2188. 2189. 2190. 2191. 2192. 2193. 2194. 2195.
 2196. 2197. 2198. 2199. 2200. 2201. 2202. 2203. 2204. 2205. 2206. 2207.
 2208. 2209. 2210. 2211. 2212. 2213. 2214. 2215. 2216. 2217. 2218. 2219.
 2220. 2221. 2222. 2223. 2224. 2225. 2226. 2227. 2228. 2229. 2230. 2231.
 2232. 2233. 2234. 2235. 2236. 2237. 2238. 2239. 2240. 2241. 2242. 2243.
 2244. 2245. 2246. 2247. 2248. 2249. 2250. 2251. 2252. 2253. 2254. 2255.
 2256. 2257. 2258. 2259. 2260. 2261. 2262. 2263. 2264. 2265. 2266. 2267.
 2268. 2269. 2270. 2271. 2272. 2273. 2274. 2275. 2276. 2277. 2278. 2279.
 2280. 2281. 2282. 2283. 2284. 2285. 2286. 2287. 2288. 2289. 2290. 2291.
 2292. 2293. 2294. 2295. 2296. 2297. 2298. 2299. 2300. 2301.]
Created field output file /nird/datalake/NS11016K/users/heig/ISMIP7/data_processing/GrIS/NORCE/CISM4/CORE/C008/acabf_GrIS_NORCE_CISM4_m002_MRI-ESM2-0_f001_ssp585_C008_2015-2300.nc
Created field output file /nird/datalake/NS11016K/users/heig/ISMIP7/data_processing/GrIS/NORCE/CISM4/CORE/C008/libmassbfgr_GrIS_NORCE_CISM4_m002_MRI-ESM2-0_f001_ssp585_C008_2015-2300.nc
Created field output file /nird/datalake/NS11016K/users/heig/ISMIP7/data_processing/GrIS/NORCE/CISM4/CORE/C008/libmassbffl_GrIS_NORCE_CISM4_m002_MRI-ESM2-0_f001_ssp585_C008_2015-2300.nc
Created field output file /nird/datalake/NS11016K/users/heig/ISMIP7/data_processing/GrIS/NORCE/CISM4/CORE/C008/dlithkdt_GrIS_NORCE_CISM4_m002_MRI-ESM2-0_f001_ssp585_C008_2015-2300.nc
Created field output file /nird/datalake/NS11016K/users/heig/ISMIP7/data_processing/GrIS/NORCE/CISM4/CORE/C008/licalvf_GrIS_NORCE_CISM4_m002_MRI-ESM2-0_f001_ssp585_C008_2015-2300.nc
Created field output file /nird/datalake/NS11016K/users/heig/ISMIP7/data_processing/GrIS/NORCE/CISM4/CORE/C008/ligroundf_GrIS_NORCE_CISM4_m002_MRI-ESM2-0_f001_ssp585_C008_2015-2300.nc
Created field output file /nird/datalake/NS11016K/users/heig/ISMIP7/data_processing/GrIS/NORCE/CISM4/CORE/C008/lifmassbf_GrIS_NORCE_CISM4_m002_MRI-ESM2-0_f001_ssp585_C008_2015-2300.nc
The output directory already exists
fileVar = /nird/datapeak/NS5011K/users/mali/CISM/GrIS/cism_storage/ismip7_gris_04km_old_driver/GrIS_04km_v01_geo01_ghf01_smb01_otf01_pow/proj/greenland_04km_v01_m02_r02_f85/output.nc
fileMask = /nird/datapeak/NS5011K/users/mali/CISM/GrIS/cism_storage/ismip7_gris_04km_old_driver/GrIS_04km_v01_geo01_ghf01_smb01_otf01_pow/proj/greenland_04km_v01_m02_r02_f85/output_mask.nc
time_range = 2015-2300
[2016. 2017. 2018. 2019. 2020. 2021. 2022. 2023. 2024. 2025. 2026. 2027.
 2028. 2029. 2030. 2031. 2032. 2033. 2034. 2035. 2036. 2037. 2038. 2039.
 2040. 2041. 2042. 2043. 2044. 2045. 2046. 2047. 2048. 2049. 2050. 2051.
 2052. 2053. 2054. 2055. 2056. 2057. 2058. 2059. 2060. 2061. 2062. 2063.
 2064. 2065. 2066. 2067. 2068. 2069. 2070. 2071. 2072. 2073. 2074. 2075.
 2076. 2077. 2078. 2079. 2080. 2081. 2082. 2083. 2084. 2085. 2086. 2087.
 2088. 2089. 2090. 2091. 2092. 2093. 2094. 2095. 2096. 2097. 2098. 2099.
 2100. 2101. 2102. 2103. 2104. 2105. 2106. 2107. 2108. 2109. 2110. 2111.
 2112. 2113. 2114. 2115. 2116. 2117. 2118. 2119. 2120. 2121. 2122. 2123.
 2124. 2125. 2126. 2127. 2128. 2129. 2130. 2131. 2132. 2133. 2134. 2135.
 2136. 2137. 2138. 2139. 2140. 2141. 2142. 2143. 2144. 2145. 2146. 2147.
 2148. 2149. 2150. 2151. 2152. 2153. 2154. 2155. 2156. 2157. 2158. 2159.
 2160. 2161. 2162. 2163. 2164. 2165. 2166. 2167. 2168. 2169. 2170. 2171.
 2172. 2173. 2174. 2175. 2176. 2177. 2178. 2179. 2180. 2181. 2182. 2183.
 2184. 2185. 2186. 2187. 2188. 2189. 2190. 2191. 2192. 2193. 2194. 2195.
 2196. 2197. 2198. 2199. 2200. 2201. 2202. 2203. 2204. 2205. 2206. 2207.
 2208. 2209. 2210. 2211. 2212. 2213. 2214. 2215. 2216. 2217. 2218. 2219.
 2220. 2221. 2222. 2223. 2224. 2225. 2226. 2227. 2228. 2229. 2230. 2231.
 2232. 2233. 2234. 2235. 2236. 2237. 2238. 2239. 2240. 2241. 2242. 2243.
 2244. 2245. 2246. 2247. 2248. 2249. 2250. 2251. 2252. 2253. 2254. 2255.
 2256. 2257. 2258. 2259. 2260. 2261. 2262. 2263. 2264. 2265. 2266. 2267.
 2268. 2269. 2270. 2271. 2272. 2273. 2274. 2275. 2276. 2277. 2278. 2279.
 2280. 2281. 2282. 2283. 2284. 2285. 2286. 2287. 2288. 2289. 2290. 2291.
 2292. 2293. 2294. 2295. 2296. 2297. 2298. 2299. 2300. 2301.]
Created field output file /nird/datalake/NS11016K/users/heig/ISMIP7/data_processing/GrIS/NORCE/CISM4/CORE/C008/xvelmean_GrIS_NORCE_CISM4_m002_MRI-ESM2-0_f001_ssp585_C008_2015-2300.nc
Created field output file /nird/datalake/NS11016K/users/heig/ISMIP7/data_processing/GrIS/NORCE/CISM4/CORE/C008/yvelmean_GrIS_NORCE_CISM4_m002_MRI-ESM2-0_f001_ssp585_C008_2015-2300.nc
Created field output file /nird/datalake/NS11016K/users/heig/ISMIP7/data_processing/GrIS/NORCE/CISM4/CORE/C008/strbasemag_GrIS_NORCE_CISM4_m002_MRI-ESM2-0_f001_ssp585_C008_2015-2300.nc
Creating output directory
filenameScalar = /nird/datapeak/NS5011K/users/mali/CISM/GrIS/cism_storage/ismip7_gris_04km_old_driver/GrIS_04km_v01_geo01_ghf01_smb01_otf01_pow/proj/ctrl-proj_m01_r01/scalars.nc
nt= 286
time_range = 2015-2300
Created field output file /nird/datalake/NS11016K/users/heig/ISMIP7/data_processing/GrIS/NORCE/CISM4/CORE/C009/lim_GrIS_NORCE_CISM4_m001_CESM2-WACCM_f001_ctrl_C009_2015-2300.nc
Created field output file /nird/datalake/NS11016K/users/heig/ISMIP7/data_processing/GrIS/NORCE/CISM4/CORE/C009/limnsw_GrIS_NORCE_CISM4_m001_CESM2-WACCM_f001_ctrl_C009_2015-2300.nc
Created field output file /nird/datalake/NS11016K/users/heig/ISMIP7/data_processing/GrIS/NORCE/CISM4/CORE/C009/iareagr_GrIS_NORCE_CISM4_m001_CESM2-WACCM_f001_ctrl_C009_2015-2300.nc
Created field output file /nird/datalake/NS11016K/users/heig/ISMIP7/data_processing/GrIS/NORCE/CISM4/CORE/C009/iareafl_GrIS_NORCE_CISM4_m001_CESM2-WACCM_f001_ctrl_C009_2015-2300.nc
Created field output file /nird/datalake/NS11016K/users/heig/ISMIP7/data_processing/GrIS/NORCE/CISM4/CORE/C009/tendacabf_GrIS_NORCE_CISM4_m001_CESM2-WACCM_f001_ctrl_C009_2015-2300.nc
Created field output file /nird/datalake/NS11016K/users/heig/ISMIP7/data_processing/GrIS/NORCE/CISM4/CORE/C009/tendlibmassbfgr_GrIS_NORCE_CISM4_m001_CESM2-WACCM_f001_ctrl_C009_2015-2300.nc
Created field output file /nird/datalake/NS11016K/users/heig/ISMIP7/data_processing/GrIS/NORCE/CISM4/CORE/C009/tendlibmassbffl_GrIS_NORCE_CISM4_m001_CESM2-WACCM_f001_ctrl_C009_2015-2300.nc
Created field output file /nird/datalake/NS11016K/users/heig/ISMIP7/data_processing/GrIS/NORCE/CISM4/CORE/C009/tendlicalvf_GrIS_NORCE_CISM4_m001_CESM2-WACCM_f001_ctrl_C009_2015-2300.nc
Created field output file /nird/datalake/NS11016K/users/heig/ISMIP7/data_processing/GrIS/NORCE/CISM4/CORE/C009/tendlifmassbf_GrIS_NORCE_CISM4_m001_CESM2-WACCM_f001_ctrl_C009_2015-2300.nc
Created field output file /nird/datalake/NS11016K/users/heig/ISMIP7/data_processing/GrIS/NORCE/CISM4/CORE/C009/tendligroundf_GrIS_NORCE_CISM4_m001_CESM2-WACCM_f001_ctrl_C009_2015-2300.nc
The output directory already exists
fileVar = /nird/datapeak/NS5011K/users/mali/CISM/GrIS/cism_storage/ismip7_gris_04km_old_driver/GrIS_04km_v01_geo01_ghf01_smb01_otf01_pow/proj/ctrl-proj_m01_r01/output.nc
fileMask = /nird/datapeak/NS5011K/users/mali/CISM/GrIS/cism_storage/ismip7_gris_04km_old_driver/GrIS_04km_v01_geo01_ghf01_smb01_otf01_pow/proj/ctrl-proj_m01_r01/output_mask.nc
nt=286, ny=721, nx=421
base/topg cosmetic fix: 0 wholly-grounded cell(s) set to topg, 0 wholly-floating cell(s) set to topg + 0.1 m
orog correction: no cells changed
time_range = 2015-2300
[2016. 2017. 2018. 2019. 2020. 2021. 2022. 2023. 2024. 2025. 2026. 2027.
 2028. 2029. 2030. 2031. 2032. 2033. 2034. 2035. 2036. 2037. 2038. 2039.
 2040. 2041. 2042. 2043. 2044. 2045. 2046. 2047. 2048. 2049. 2050. 2051.
 2052. 2053. 2054. 2055. 2056. 2057. 2058. 2059. 2060. 2061. 2062. 2063.
 2064. 2065. 2066. 2067. 2068. 2069. 2070. 2071. 2072. 2073. 2074. 2075.
 2076. 2077. 2078. 2079. 2080. 2081. 2082. 2083. 2084. 2085. 2086. 2087.
 2088. 2089. 2090. 2091. 2092. 2093. 2094. 2095. 2096. 2097. 2098. 2099.
 2100. 2101. 2102. 2103. 2104. 2105. 2106. 2107. 2108. 2109. 2110. 2111.
 2112. 2113. 2114. 2115. 2116. 2117. 2118. 2119. 2120. 2121. 2122. 2123.
 2124. 2125. 2126. 2127. 2128. 2129. 2130. 2131. 2132. 2133. 2134. 2135.
 2136. 2137. 2138. 2139. 2140. 2141. 2142. 2143. 2144. 2145. 2146. 2147.
 2148. 2149. 2150. 2151. 2152. 2153. 2154. 2155. 2156. 2157. 2158. 2159.
 2160. 2161. 2162. 2163. 2164. 2165. 2166. 2167. 2168. 2169. 2170. 2171.
 2172. 2173. 2174. 2175. 2176. 2177. 2178. 2179. 2180. 2181. 2182. 2183.
 2184. 2185. 2186. 2187. 2188. 2189. 2190. 2191. 2192. 2193. 2194. 2195.
 2196. 2197. 2198. 2199. 2200. 2201. 2202. 2203. 2204. 2205. 2206. 2207.
 2208. 2209. 2210. 2211. 2212. 2213. 2214. 2215. 2216. 2217. 2218. 2219.
 2220. 2221. 2222. 2223. 2224. 2225. 2226. 2227. 2228. 2229. 2230. 2231.
 2232. 2233. 2234. 2235. 2236. 2237. 2238. 2239. 2240. 2241. 2242. 2243.
 2244. 2245. 2246. 2247. 2248. 2249. 2250. 2251. 2252. 2253. 2254. 2255.
 2256. 2257. 2258. 2259. 2260. 2261. 2262. 2263. 2264. 2265. 2266. 2267.
 2268. 2269. 2270. 2271. 2272. 2273. 2274. 2275. 2276. 2277. 2278. 2279.
 2280. 2281. 2282. 2283. 2284. 2285. 2286. 2287. 2288. 2289. 2290. 2291.
 2292. 2293. 2294. 2295. 2296. 2297. 2298. 2299. 2300. 2301.]
Created field output file /nird/datalake/NS11016K/users/heig/ISMIP7/data_processing/GrIS/NORCE/CISM4/CORE/C009/lithk_GrIS_NORCE_CISM4_m001_CESM2-WACCM_f001_ctrl_C009_2015-2300.nc
Created field output file /nird/datalake/NS11016K/users/heig/ISMIP7/data_processing/GrIS/NORCE/CISM4/CORE/C009/orog_GrIS_NORCE_CISM4_m001_CESM2-WACCM_f001_ctrl_C009_2015-2300.nc
Created field output file /nird/datalake/NS11016K/users/heig/ISMIP7/data_processing/GrIS/NORCE/CISM4/CORE/C009/topg_GrIS_NORCE_CISM4_m001_CESM2-WACCM_f001_ctrl_C009_2015-2300.nc
Created field output file /nird/datalake/NS11016K/users/heig/ISMIP7/data_processing/GrIS/NORCE/CISM4/CORE/C009/base_GrIS_NORCE_CISM4_m001_CESM2-WACCM_f001_ctrl_C009_2015-2300.nc
Created field output file /nird/datalake/NS11016K/users/heig/ISMIP7/data_processing/GrIS/NORCE/CISM4/CORE/C009/sftgif_GrIS_NORCE_CISM4_m001_CESM2-WACCM_f001_ctrl_C009_2015-2300.nc
Created field output file /nird/datalake/NS11016K/users/heig/ISMIP7/data_processing/GrIS/NORCE/CISM4/CORE/C009/sftgrf_GrIS_NORCE_CISM4_m001_CESM2-WACCM_f001_ctrl_C009_2015-2300.nc
Created field output file /nird/datalake/NS11016K/users/heig/ISMIP7/data_processing/GrIS/NORCE/CISM4/CORE/C009/sftflf_GrIS_NORCE_CISM4_m001_CESM2-WACCM_f001_ctrl_C009_2015-2300.nc
The output directory already exists
fileVar = /nird/datapeak/NS5011K/users/mali/CISM/GrIS/cism_storage/ismip7_gris_04km_old_driver/GrIS_04km_v01_geo01_ghf01_smb01_otf01_pow/proj/ctrl-proj_m01_r01/output.nc
fileMask = /nird/datapeak/NS5011K/users/mali/CISM/GrIS/cism_storage/ismip7_gris_04km_old_driver/GrIS_04km_v01_geo01_ghf01_smb01_otf01_pow/proj/ctrl-proj_m01_r01/output_mask.nc
nt=286, ny=721, nx=421
time_range = 2015-2300
filePrev = /nird/datapeak/NS5011K/users/mali/CISM/GrIS/cism_storage/ismip7_gris_04km_old_driver/GrIS_04km_v01_geo01_ghf01_smb01_otf01_pow/proj/historical_m01_r01/output.nc
[2016. 2017. 2018. 2019. 2020. 2021. 2022. 2023. 2024. 2025. 2026. 2027.
 2028. 2029. 2030. 2031. 2032. 2033. 2034. 2035. 2036. 2037. 2038. 2039.
 2040. 2041. 2042. 2043. 2044. 2045. 2046. 2047. 2048. 2049. 2050. 2051.
 2052. 2053. 2054. 2055. 2056. 2057. 2058. 2059. 2060. 2061. 2062. 2063.
 2064. 2065. 2066. 2067. 2068. 2069. 2070. 2071. 2072. 2073. 2074. 2075.
 2076. 2077. 2078. 2079. 2080. 2081. 2082. 2083. 2084. 2085. 2086. 2087.
 2088. 2089. 2090. 2091. 2092. 2093. 2094. 2095. 2096. 2097. 2098. 2099.
 2100. 2101. 2102. 2103. 2104. 2105. 2106. 2107. 2108. 2109. 2110. 2111.
 2112. 2113. 2114. 2115. 2116. 2117. 2118. 2119. 2120. 2121. 2122. 2123.
 2124. 2125. 2126. 2127. 2128. 2129. 2130. 2131. 2132. 2133. 2134. 2135.
 2136. 2137. 2138. 2139. 2140. 2141. 2142. 2143. 2144. 2145. 2146. 2147.
 2148. 2149. 2150. 2151. 2152. 2153. 2154. 2155. 2156. 2157. 2158. 2159.
 2160. 2161. 2162. 2163. 2164. 2165. 2166. 2167. 2168. 2169. 2170. 2171.
 2172. 2173. 2174. 2175. 2176. 2177. 2178. 2179. 2180. 2181. 2182. 2183.
 2184. 2185. 2186. 2187. 2188. 2189. 2190. 2191. 2192. 2193. 2194. 2195.
 2196. 2197. 2198. 2199. 2200. 2201. 2202. 2203. 2204. 2205. 2206. 2207.
 2208. 2209. 2210. 2211. 2212. 2213. 2214. 2215. 2216. 2217. 2218. 2219.
 2220. 2221. 2222. 2223. 2224. 2225. 2226. 2227. 2228. 2229. 2230. 2231.
 2232. 2233. 2234. 2235. 2236. 2237. 2238. 2239. 2240. 2241. 2242. 2243.
 2244. 2245. 2246. 2247. 2248. 2249. 2250. 2251. 2252. 2253. 2254. 2255.
 2256. 2257. 2258. 2259. 2260. 2261. 2262. 2263. 2264. 2265. 2266. 2267.
 2268. 2269. 2270. 2271. 2272. 2273. 2274. 2275. 2276. 2277. 2278. 2279.
 2280. 2281. 2282. 2283. 2284. 2285. 2286. 2287. 2288. 2289. 2290. 2291.
 2292. 2293. 2294. 2295. 2296. 2297. 2298. 2299. 2300. 2301.]
Created field output file /nird/datalake/NS11016K/users/heig/ISMIP7/data_processing/GrIS/NORCE/CISM4/CORE/C009/acabf_GrIS_NORCE_CISM4_m001_CESM2-WACCM_f001_ctrl_C009_2015-2300.nc
Created field output file /nird/datalake/NS11016K/users/heig/ISMIP7/data_processing/GrIS/NORCE/CISM4/CORE/C009/libmassbfgr_GrIS_NORCE_CISM4_m001_CESM2-WACCM_f001_ctrl_C009_2015-2300.nc
Created field output file /nird/datalake/NS11016K/users/heig/ISMIP7/data_processing/GrIS/NORCE/CISM4/CORE/C009/libmassbffl_GrIS_NORCE_CISM4_m001_CESM2-WACCM_f001_ctrl_C009_2015-2300.nc
Created field output file /nird/datalake/NS11016K/users/heig/ISMIP7/data_processing/GrIS/NORCE/CISM4/CORE/C009/dlithkdt_GrIS_NORCE_CISM4_m001_CESM2-WACCM_f001_ctrl_C009_2015-2300.nc
Created field output file /nird/datalake/NS11016K/users/heig/ISMIP7/data_processing/GrIS/NORCE/CISM4/CORE/C009/licalvf_GrIS_NORCE_CISM4_m001_CESM2-WACCM_f001_ctrl_C009_2015-2300.nc
Created field output file /nird/datalake/NS11016K/users/heig/ISMIP7/data_processing/GrIS/NORCE/CISM4/CORE/C009/ligroundf_GrIS_NORCE_CISM4_m001_CESM2-WACCM_f001_ctrl_C009_2015-2300.nc
Created field output file /nird/datalake/NS11016K/users/heig/ISMIP7/data_processing/GrIS/NORCE/CISM4/CORE/C009/lifmassbf_GrIS_NORCE_CISM4_m001_CESM2-WACCM_f001_ctrl_C009_2015-2300.nc
The output directory already exists
fileVar = /nird/datapeak/NS5011K/users/mali/CISM/GrIS/cism_storage/ismip7_gris_04km_old_driver/GrIS_04km_v01_geo01_ghf01_smb01_otf01_pow/proj/ctrl-proj_m01_r01/output.nc
fileMask = /nird/datapeak/NS5011K/users/mali/CISM/GrIS/cism_storage/ismip7_gris_04km_old_driver/GrIS_04km_v01_geo01_ghf01_smb01_otf01_pow/proj/ctrl-proj_m01_r01/output_mask.nc
time_range = 2015-2300
[2016. 2017. 2018. 2019. 2020. 2021. 2022. 2023. 2024. 2025. 2026. 2027.
 2028. 2029. 2030. 2031. 2032. 2033. 2034. 2035. 2036. 2037. 2038. 2039.
 2040. 2041. 2042. 2043. 2044. 2045. 2046. 2047. 2048. 2049. 2050. 2051.
 2052. 2053. 2054. 2055. 2056. 2057. 2058. 2059. 2060. 2061. 2062. 2063.
 2064. 2065. 2066. 2067. 2068. 2069. 2070. 2071. 2072. 2073. 2074. 2075.
 2076. 2077. 2078. 2079. 2080. 2081. 2082. 2083. 2084. 2085. 2086. 2087.
 2088. 2089. 2090. 2091. 2092. 2093. 2094. 2095. 2096. 2097. 2098. 2099.
 2100. 2101. 2102. 2103. 2104. 2105. 2106. 2107. 2108. 2109. 2110. 2111.
 2112. 2113. 2114. 2115. 2116. 2117. 2118. 2119. 2120. 2121. 2122. 2123.
 2124. 2125. 2126. 2127. 2128. 2129. 2130. 2131. 2132. 2133. 2134. 2135.
 2136. 2137. 2138. 2139. 2140. 2141. 2142. 2143. 2144. 2145. 2146. 2147.
 2148. 2149. 2150. 2151. 2152. 2153. 2154. 2155. 2156. 2157. 2158. 2159.
 2160. 2161. 2162. 2163. 2164. 2165. 2166. 2167. 2168. 2169. 2170. 2171.
 2172. 2173. 2174. 2175. 2176. 2177. 2178. 2179. 2180. 2181. 2182. 2183.
 2184. 2185. 2186. 2187. 2188. 2189. 2190. 2191. 2192. 2193. 2194. 2195.
 2196. 2197. 2198. 2199. 2200. 2201. 2202. 2203. 2204. 2205. 2206. 2207.
 2208. 2209. 2210. 2211. 2212. 2213. 2214. 2215. 2216. 2217. 2218. 2219.
 2220. 2221. 2222. 2223. 2224. 2225. 2226. 2227. 2228. 2229. 2230. 2231.
 2232. 2233. 2234. 2235. 2236. 2237. 2238. 2239. 2240. 2241. 2242. 2243.
 2244. 2245. 2246. 2247. 2248. 2249. 2250. 2251. 2252. 2253. 2254. 2255.
 2256. 2257. 2258. 2259. 2260. 2261. 2262. 2263. 2264. 2265. 2266. 2267.
 2268. 2269. 2270. 2271. 2272. 2273. 2274. 2275. 2276. 2277. 2278. 2279.
 2280. 2281. 2282. 2283. 2284. 2285. 2286. 2287. 2288. 2289. 2290. 2291.
 2292. 2293. 2294. 2295. 2296. 2297. 2298. 2299. 2300. 2301.]
Created field output file /nird/datalake/NS11016K/users/heig/ISMIP7/data_processing/GrIS/NORCE/CISM4/CORE/C009/xvelmean_GrIS_NORCE_CISM4_m001_CESM2-WACCM_f001_ctrl_C009_2015-2300.nc
Created field output file /nird/datalake/NS11016K/users/heig/ISMIP7/data_processing/GrIS/NORCE/CISM4/CORE/C009/yvelmean_GrIS_NORCE_CISM4_m001_CESM2-WACCM_f001_ctrl_C009_2015-2300.nc
Created field output file /nird/datalake/NS11016K/users/heig/ISMIP7/data_processing/GrIS/NORCE/CISM4/CORE/C009/strbasemag_GrIS_NORCE_CISM4_m001_CESM2-WACCM_f001_ctrl_C009_2015-2300.nc
Creating output directory
filenameScalar = /nird/datapeak/NS5011K/users/mali/CISM/GrIS/cism_storage/ismip7_gris_04km_old_driver/GrIS_04km_v01_geo01_ghf01_smb01_otf01_pow/proj/ctrl-proj_m02_r02/scalars.nc
nt= 286
time_range = 2015-2300
Created field output file /nird/datalake/NS11016K/users/heig/ISMIP7/data_processing/GrIS/NORCE/CISM4/CORE/C010/lim_GrIS_NORCE_CISM4_m002_MRI-ESM2-0_f001_ctrl_C010_2015-2300.nc
Created field output file /nird/datalake/NS11016K/users/heig/ISMIP7/data_processing/GrIS/NORCE/CISM4/CORE/C010/limnsw_GrIS_NORCE_CISM4_m002_MRI-ESM2-0_f001_ctrl_C010_2015-2300.nc
Created field output file /nird/datalake/NS11016K/users/heig/ISMIP7/data_processing/GrIS/NORCE/CISM4/CORE/C010/iareagr_GrIS_NORCE_CISM4_m002_MRI-ESM2-0_f001_ctrl_C010_2015-2300.nc
Created field output file /nird/datalake/NS11016K/users/heig/ISMIP7/data_processing/GrIS/NORCE/CISM4/CORE/C010/iareafl_GrIS_NORCE_CISM4_m002_MRI-ESM2-0_f001_ctrl_C010_2015-2300.nc
Created field output file /nird/datalake/NS11016K/users/heig/ISMIP7/data_processing/GrIS/NORCE/CISM4/CORE/C010/tendacabf_GrIS_NORCE_CISM4_m002_MRI-ESM2-0_f001_ctrl_C010_2015-2300.nc
Created field output file /nird/datalake/NS11016K/users/heig/ISMIP7/data_processing/GrIS/NORCE/CISM4/CORE/C010/tendlibmassbfgr_GrIS_NORCE_CISM4_m002_MRI-ESM2-0_f001_ctrl_C010_2015-2300.nc
Created field output file /nird/datalake/NS11016K/users/heig/ISMIP7/data_processing/GrIS/NORCE/CISM4/CORE/C010/tendlibmassbffl_GrIS_NORCE_CISM4_m002_MRI-ESM2-0_f001_ctrl_C010_2015-2300.nc
Created field output file /nird/datalake/NS11016K/users/heig/ISMIP7/data_processing/GrIS/NORCE/CISM4/CORE/C010/tendlicalvf_GrIS_NORCE_CISM4_m002_MRI-ESM2-0_f001_ctrl_C010_2015-2300.nc
Created field output file /nird/datalake/NS11016K/users/heig/ISMIP7/data_processing/GrIS/NORCE/CISM4/CORE/C010/tendlifmassbf_GrIS_NORCE_CISM4_m002_MRI-ESM2-0_f001_ctrl_C010_2015-2300.nc
Created field output file /nird/datalake/NS11016K/users/heig/ISMIP7/data_processing/GrIS/NORCE/CISM4/CORE/C010/tendligroundf_GrIS_NORCE_CISM4_m002_MRI-ESM2-0_f001_ctrl_C010_2015-2300.nc
The output directory already exists
fileVar = /nird/datapeak/NS5011K/users/mali/CISM/GrIS/cism_storage/ismip7_gris_04km_old_driver/GrIS_04km_v01_geo01_ghf01_smb01_otf01_pow/proj/ctrl-proj_m02_r02/output.nc
fileMask = /nird/datapeak/NS5011K/users/mali/CISM/GrIS/cism_storage/ismip7_gris_04km_old_driver/GrIS_04km_v01_geo01_ghf01_smb01_otf01_pow/proj/ctrl-proj_m02_r02/output_mask.nc
nt=286, ny=721, nx=421
base/topg cosmetic fix: 0 wholly-grounded cell(s) set to topg, 0 wholly-floating cell(s) set to topg + 0.1 m
orog correction: no cells changed
time_range = 2015-2300
[2016. 2017. 2018. 2019. 2020. 2021. 2022. 2023. 2024. 2025. 2026. 2027.
 2028. 2029. 2030. 2031. 2032. 2033. 2034. 2035. 2036. 2037. 2038. 2039.
 2040. 2041. 2042. 2043. 2044. 2045. 2046. 2047. 2048. 2049. 2050. 2051.
 2052. 2053. 2054. 2055. 2056. 2057. 2058. 2059. 2060. 2061. 2062. 2063.
 2064. 2065. 2066. 2067. 2068. 2069. 2070. 2071. 2072. 2073. 2074. 2075.
 2076. 2077. 2078. 2079. 2080. 2081. 2082. 2083. 2084. 2085. 2086. 2087.
 2088. 2089. 2090. 2091. 2092. 2093. 2094. 2095. 2096. 2097. 2098. 2099.
 2100. 2101. 2102. 2103. 2104. 2105. 2106. 2107. 2108. 2109. 2110. 2111.
 2112. 2113. 2114. 2115. 2116. 2117. 2118. 2119. 2120. 2121. 2122. 2123.
 2124. 2125. 2126. 2127. 2128. 2129. 2130. 2131. 2132. 2133. 2134. 2135.
 2136. 2137. 2138. 2139. 2140. 2141. 2142. 2143. 2144. 2145. 2146. 2147.
 2148. 2149. 2150. 2151. 2152. 2153. 2154. 2155. 2156. 2157. 2158. 2159.
 2160. 2161. 2162. 2163. 2164. 2165. 2166. 2167. 2168. 2169. 2170. 2171.
 2172. 2173. 2174. 2175. 2176. 2177. 2178. 2179. 2180. 2181. 2182. 2183.
 2184. 2185. 2186. 2187. 2188. 2189. 2190. 2191. 2192. 2193. 2194. 2195.
 2196. 2197. 2198. 2199. 2200. 2201. 2202. 2203. 2204. 2205. 2206. 2207.
 2208. 2209. 2210. 2211. 2212. 2213. 2214. 2215. 2216. 2217. 2218. 2219.
 2220. 2221. 2222. 2223. 2224. 2225. 2226. 2227. 2228. 2229. 2230. 2231.
 2232. 2233. 2234. 2235. 2236. 2237. 2238. 2239. 2240. 2241. 2242. 2243.
 2244. 2245. 2246. 2247. 2248. 2249. 2250. 2251. 2252. 2253. 2254. 2255.
 2256. 2257. 2258. 2259. 2260. 2261. 2262. 2263. 2264. 2265. 2266. 2267.
 2268. 2269. 2270. 2271. 2272. 2273. 2274. 2275. 2276. 2277. 2278. 2279.
 2280. 2281. 2282. 2283. 2284. 2285. 2286. 2287. 2288. 2289. 2290. 2291.
 2292. 2293. 2294. 2295. 2296. 2297. 2298. 2299. 2300. 2301.]
Created field output file /nird/datalake/NS11016K/users/heig/ISMIP7/data_processing/GrIS/NORCE/CISM4/CORE/C010/lithk_GrIS_NORCE_CISM4_m002_MRI-ESM2-0_f001_ctrl_C010_2015-2300.nc
Created field output file /nird/datalake/NS11016K/users/heig/ISMIP7/data_processing/GrIS/NORCE/CISM4/CORE/C010/orog_GrIS_NORCE_CISM4_m002_MRI-ESM2-0_f001_ctrl_C010_2015-2300.nc
Created field output file /nird/datalake/NS11016K/users/heig/ISMIP7/data_processing/GrIS/NORCE/CISM4/CORE/C010/topg_GrIS_NORCE_CISM4_m002_MRI-ESM2-0_f001_ctrl_C010_2015-2300.nc
Created field output file /nird/datalake/NS11016K/users/heig/ISMIP7/data_processing/GrIS/NORCE/CISM4/CORE/C010/base_GrIS_NORCE_CISM4_m002_MRI-ESM2-0_f001_ctrl_C010_2015-2300.nc
Created field output file /nird/datalake/NS11016K/users/heig/ISMIP7/data_processing/GrIS/NORCE/CISM4/CORE/C010/sftgif_GrIS_NORCE_CISM4_m002_MRI-ESM2-0_f001_ctrl_C010_2015-2300.nc
Created field output file /nird/datalake/NS11016K/users/heig/ISMIP7/data_processing/GrIS/NORCE/CISM4/CORE/C010/sftgrf_GrIS_NORCE_CISM4_m002_MRI-ESM2-0_f001_ctrl_C010_2015-2300.nc
Created field output file /nird/datalake/NS11016K/users/heig/ISMIP7/data_processing/GrIS/NORCE/CISM4/CORE/C010/sftflf_GrIS_NORCE_CISM4_m002_MRI-ESM2-0_f001_ctrl_C010_2015-2300.nc
The output directory already exists
fileVar = /nird/datapeak/NS5011K/users/mali/CISM/GrIS/cism_storage/ismip7_gris_04km_old_driver/GrIS_04km_v01_geo01_ghf01_smb01_otf01_pow/proj/ctrl-proj_m02_r02/output.nc
fileMask = /nird/datapeak/NS5011K/users/mali/CISM/GrIS/cism_storage/ismip7_gris_04km_old_driver/GrIS_04km_v01_geo01_ghf01_smb01_otf01_pow/proj/ctrl-proj_m02_r02/output_mask.nc
Traceback (most recent call last):
  File "/nird/datalake/NS11016K/users/heig/ISMIP7/data_processing/norce-ismip7-gris-processing/ISMIP7_variable_HgridFL_processing.py", line 237, in <module>
    nidtavg = Dataset(f"{run_dir}/output_tavg.nc", 'r')
  File "src/netCDF4/_netCDF4.pyx", line 2521, in netCDF4._netCDF4.Dataset.__init__
  File "src/netCDF4/_netCDF4.pyx", line 2158, in netCDF4._netCDF4._ensure_nc_success
FileNotFoundError: [Errno 2] No such file or directory: '/nird/datapeak/NS5011K/users/mali/CISM/GrIS/cism_storage/ismip7_gris_04km_old_driver/GrIS_04km_v01_geo01_ghf01_smb01_otf01_pow/proj/ctrl-proj_m02_r02/output_tavg.nc'
Creating output directory
filenameScalar = /nird/datapeak/NS5011K/users/mali/CISM/GrIS/cism_storage/ismip7_gris_04km_old_driver/GrIS_04km_v01_geo01_ghf01_smb01_otf01_pow/proj/OCX/scalars.nc
nt= 66
time_range = 1960-2025
Created field output file /nird/datalake/NS11016K/users/heig/ISMIP7/data_processing/GrIS/NORCE/CISM4/CORE/C011/lim_GrIS_NORCE_CISM4_m001_ERA_f001_ocx_C011_1960-2025.nc
Created field output file /nird/datalake/NS11016K/users/heig/ISMIP7/data_processing/GrIS/NORCE/CISM4/CORE/C011/limnsw_GrIS_NORCE_CISM4_m001_ERA_f001_ocx_C011_1960-2025.nc
Created field output file /nird/datalake/NS11016K/users/heig/ISMIP7/data_processing/GrIS/NORCE/CISM4/CORE/C011/iareagr_GrIS_NORCE_CISM4_m001_ERA_f001_ocx_C011_1960-2025.nc
Created field output file /nird/datalake/NS11016K/users/heig/ISMIP7/data_processing/GrIS/NORCE/CISM4/CORE/C011/iareafl_GrIS_NORCE_CISM4_m001_ERA_f001_ocx_C011_1960-2025.nc
Created field output file /nird/datalake/NS11016K/users/heig/ISMIP7/data_processing/GrIS/NORCE/CISM4/CORE/C011/tendacabf_GrIS_NORCE_CISM4_m001_ERA_f001_ocx_C011_1960-2025.nc
Created field output file /nird/datalake/NS11016K/users/heig/ISMIP7/data_processing/GrIS/NORCE/CISM4/CORE/C011/tendlibmassbfgr_GrIS_NORCE_CISM4_m001_ERA_f001_ocx_C011_1960-2025.nc
Created field output file /nird/datalake/NS11016K/users/heig/ISMIP7/data_processing/GrIS/NORCE/CISM4/CORE/C011/tendlibmassbffl_GrIS_NORCE_CISM4_m001_ERA_f001_ocx_C011_1960-2025.nc
Created field output file /nird/datalake/NS11016K/users/heig/ISMIP7/data_processing/GrIS/NORCE/CISM4/CORE/C011/tendlicalvf_GrIS_NORCE_CISM4_m001_ERA_f001_ocx_C011_1960-2025.nc
Created field output file /nird/datalake/NS11016K/users/heig/ISMIP7/data_processing/GrIS/NORCE/CISM4/CORE/C011/tendlifmassbf_GrIS_NORCE_CISM4_m001_ERA_f001_ocx_C011_1960-2025.nc
Created field output file /nird/datalake/NS11016K/users/heig/ISMIP7/data_processing/GrIS/NORCE/CISM4/CORE/C011/tendligroundf_GrIS_NORCE_CISM4_m001_ERA_f001_ocx_C011_1960-2025.nc
The output directory already exists
fileVar = /nird/datapeak/NS5011K/users/mali/CISM/GrIS/cism_storage/ismip7_gris_04km_old_driver/GrIS_04km_v01_geo01_ghf01_smb01_otf01_pow/proj/OCX/output.nc
fileMask = /nird/datapeak/NS5011K/users/mali/CISM/GrIS/cism_storage/ismip7_gris_04km_old_driver/GrIS_04km_v01_geo01_ghf01_smb01_otf01_pow/proj/OCX/output_mask.nc
nt=66, ny=721, nx=421
base/topg cosmetic fix: 0 wholly-grounded cell(s) set to topg, 0 wholly-floating cell(s) set to topg + 0.1 m
orog correction: no cells changed
time_range = 1960-2025
[1961. 1962. 1963. 1964. 1965. 1966. 1967. 1968. 1969. 1970. 1971. 1972.
 1973. 1974. 1975. 1976. 1977. 1978. 1979. 1980. 1981. 1982. 1983. 1984.
 1985. 1986. 1987. 1988. 1989. 1990. 1991. 1992. 1993. 1994. 1995. 1996.
 1997. 1998. 1999. 2000. 2001. 2002. 2003. 2004. 2005. 2006. 2007. 2008.
 2009. 2010. 2011. 2012. 2013. 2014. 2015. 2016. 2017. 2018. 2019. 2020.
 2021. 2022. 2023. 2024. 2025. 2026.]
Created field output file /nird/datalake/NS11016K/users/heig/ISMIP7/data_processing/GrIS/NORCE/CISM4/CORE/C011/lithk_GrIS_NORCE_CISM4_m001_ERA_f001_ocx_C011_1960-2025.nc
Created field output file /nird/datalake/NS11016K/users/heig/ISMIP7/data_processing/GrIS/NORCE/CISM4/CORE/C011/orog_GrIS_NORCE_CISM4_m001_ERA_f001_ocx_C011_1960-2025.nc
Created field output file /nird/datalake/NS11016K/users/heig/ISMIP7/data_processing/GrIS/NORCE/CISM4/CORE/C011/topg_GrIS_NORCE_CISM4_m001_ERA_f001_ocx_C011_1960-2025.nc
Created field output file /nird/datalake/NS11016K/users/heig/ISMIP7/data_processing/GrIS/NORCE/CISM4/CORE/C011/base_GrIS_NORCE_CISM4_m001_ERA_f001_ocx_C011_1960-2025.nc
Created field output file /nird/datalake/NS11016K/users/heig/ISMIP7/data_processing/GrIS/NORCE/CISM4/CORE/C011/sftgif_GrIS_NORCE_CISM4_m001_ERA_f001_ocx_C011_1960-2025.nc
Created field output file /nird/datalake/NS11016K/users/heig/ISMIP7/data_processing/GrIS/NORCE/CISM4/CORE/C011/sftgrf_GrIS_NORCE_CISM4_m001_ERA_f001_ocx_C011_1960-2025.nc
Created field output file /nird/datalake/NS11016K/users/heig/ISMIP7/data_processing/GrIS/NORCE/CISM4/CORE/C011/sftflf_GrIS_NORCE_CISM4_m001_ERA_f001_ocx_C011_1960-2025.nc
The output directory already exists
fileVar = /nird/datapeak/NS5011K/users/mali/CISM/GrIS/cism_storage/ismip7_gris_04km_old_driver/GrIS_04km_v01_geo01_ghf01_smb01_otf01_pow/proj/OCX/output.nc
fileMask = /nird/datapeak/NS5011K/users/mali/CISM/GrIS/cism_storage/ismip7_gris_04km_old_driver/GrIS_04km_v01_geo01_ghf01_smb01_otf01_pow/proj/OCX/output_mask.nc
nt=66, ny=721, nx=421
time_range = 1960-2025
filePrev = /nird/datapeak/NS5011K/users/mali/CISM/GrIS/cism_storage/ismip7_gris_04km_old_driver/GrIS_04km_v01_geo01_ghf01_smb01_otf01_pow/proj/OCX/restart_in.nc
[1961. 1962. 1963. 1964. 1965. 1966. 1967. 1968. 1969. 1970. 1971. 1972.
 1973. 1974. 1975. 1976. 1977. 1978. 1979. 1980. 1981. 1982. 1983. 1984.
 1985. 1986. 1987. 1988. 1989. 1990. 1991. 1992. 1993. 1994. 1995. 1996.
 1997. 1998. 1999. 2000. 2001. 2002. 2003. 2004. 2005. 2006. 2007. 2008.
 2009. 2010. 2011. 2012. 2013. 2014. 2015. 2016. 2017. 2018. 2019. 2020.
 2021. 2022. 2023. 2024. 2025. 2026.]
Created field output file /nird/datalake/NS11016K/users/heig/ISMIP7/data_processing/GrIS/NORCE/CISM4/CORE/C011/acabf_GrIS_NORCE_CISM4_m001_ERA_f001_ocx_C011_1960-2025.nc
Created field output file /nird/datalake/NS11016K/users/heig/ISMIP7/data_processing/GrIS/NORCE/CISM4/CORE/C011/libmassbfgr_GrIS_NORCE_CISM4_m001_ERA_f001_ocx_C011_1960-2025.nc
Created field output file /nird/datalake/NS11016K/users/heig/ISMIP7/data_processing/GrIS/NORCE/CISM4/CORE/C011/libmassbffl_GrIS_NORCE_CISM4_m001_ERA_f001_ocx_C011_1960-2025.nc
Created field output file /nird/datalake/NS11016K/users/heig/ISMIP7/data_processing/GrIS/NORCE/CISM4/CORE/C011/dlithkdt_GrIS_NORCE_CISM4_m001_ERA_f001_ocx_C011_1960-2025.nc
Created field output file /nird/datalake/NS11016K/users/heig/ISMIP7/data_processing/GrIS/NORCE/CISM4/CORE/C011/licalvf_GrIS_NORCE_CISM4_m001_ERA_f001_ocx_C011_1960-2025.nc
Created field output file /nird/datalake/NS11016K/users/heig/ISMIP7/data_processing/GrIS/NORCE/CISM4/CORE/C011/ligroundf_GrIS_NORCE_CISM4_m001_ERA_f001_ocx_C011_1960-2025.nc
Created field output file /nird/datalake/NS11016K/users/heig/ISMIP7/data_processing/GrIS/NORCE/CISM4/CORE/C011/lifmassbf_GrIS_NORCE_CISM4_m001_ERA_f001_ocx_C011_1960-2025.nc
The output directory already exists
fileVar = /nird/datapeak/NS5011K/users/mali/CISM/GrIS/cism_storage/ismip7_gris_04km_old_driver/GrIS_04km_v01_geo01_ghf01_smb01_otf01_pow/proj/OCX/output.nc
fileMask = /nird/datapeak/NS5011K/users/mali/CISM/GrIS/cism_storage/ismip7_gris_04km_old_driver/GrIS_04km_v01_geo01_ghf01_smb01_otf01_pow/proj/OCX/output_mask.nc
time_range = 1960-2025
[1961. 1962. 1963. 1964. 1965. 1966. 1967. 1968. 1969. 1970. 1971. 1972.
 1973. 1974. 1975. 1976. 1977. 1978. 1979. 1980. 1981. 1982. 1983. 1984.
 1985. 1986. 1987. 1988. 1989. 1990. 1991. 1992. 1993. 1994. 1995. 1996.
 1997. 1998. 1999. 2000. 2001. 2002. 2003. 2004. 2005. 2006. 2007. 2008.
 2009. 2010. 2011. 2012. 2013. 2014. 2015. 2016. 2017. 2018. 2019. 2020.
 2021. 2022. 2023. 2024. 2025. 2026.]
Created field output file /nird/datalake/NS11016K/users/heig/ISMIP7/data_processing/GrIS/NORCE/CISM4/CORE/C011/xvelmean_GrIS_NORCE_CISM4_m001_ERA_f001_ocx_C011_1960-2025.nc
Created field output file /nird/datalake/NS11016K/users/heig/ISMIP7/data_processing/GrIS/NORCE/CISM4/CORE/C011/yvelmean_GrIS_NORCE_CISM4_m001_ERA_f001_ocx_C011_1960-2025.nc
Created field output file /nird/datalake/NS11016K/users/heig/ISMIP7/data_processing/GrIS/NORCE/CISM4/CORE/C011/strbasemag_GrIS_NORCE_CISM4_m001_ERA_f001_ocx_C011_1960-2025.nc

===== historical_m01_r01 =====
    /nird/datapeak/NS5011K/users/mali/CISM/GrIS/cism_storage/ismip7_gris_04km_old_driver/GrIS_04km_v01_geo01_ghf01_smb01_otf01_pow/proj/historical_m01_r01
    running ISMIP7_scalar_processing.py ...
    running ISMIP7_variable_HgridST_processing.py ...
    running ISMIP7_variable_HgridFL_processing.py ...
    running ISMIP7_variable_VelogridST_processing.py ...

===== historical_m02_r02 =====
    /nird/datapeak/NS5011K/users/mali/CISM/GrIS/cism_storage/ismip7_gris_04km_old_driver/GrIS_04km_v01_geo01_ghf01_smb01_otf01_pow/proj/historical_m02_r02
    running ISMIP7_scalar_processing.py ...
    running ISMIP7_variable_HgridST_processing.py ...
    running ISMIP7_variable_HgridFL_processing.py ...
    running ISMIP7_variable_VelogridST_processing.py ...

===== ssp370_m01_r01 =====
    /nird/datapeak/NS5011K/users/mali/CISM/GrIS/cism_storage/ismip7_gris_04km_old_driver/GrIS_04km_v01_geo01_ghf01_smb01_otf01_pow/proj/greenland_04km_v01_m01_r01_f70
    running ISMIP7_scalar_processing.py ...
    running ISMIP7_variable_HgridST_processing.py ...
    running ISMIP7_variable_HgridFL_processing.py ...
    running ISMIP7_variable_VelogridST_processing.py ...

===== ssp370_m02_r02 =====
    /nird/datapeak/NS5011K/users/mali/CISM/GrIS/cism_storage/ismip7_gris_04km_old_driver/GrIS_04km_v01_geo01_ghf01_smb01_otf01_pow/proj/greenland_04km_v01_m02_r02_f70
    running ISMIP7_scalar_processing.py ...
    running ISMIP7_variable_HgridST_processing.py ...
    running ISMIP7_variable_HgridFL_processing.py ...
    running ISMIP7_variable_VelogridST_processing.py ...

===== ssp126_m01_r01 =====
    /nird/datapeak/NS5011K/users/mali/CISM/GrIS/cism_storage/ismip7_gris_04km_old_driver/GrIS_04km_v01_geo01_ghf01_smb01_otf01_pow/proj/greenland_04km_v01_m01_r01_f26
    running ISMIP7_scalar_processing.py ...
    running ISMIP7_variable_HgridST_processing.py ...
    running ISMIP7_variable_HgridFL_processing.py ...
    running ISMIP7_variable_VelogridST_processing.py ...

===== ssp126_m02_r02 =====
    /nird/datapeak/NS5011K/users/mali/CISM/GrIS/cism_storage/ismip7_gris_04km_old_driver/GrIS_04km_v01_geo01_ghf01_smb01_otf01_pow/proj/greenland_04km_v01_m02_r02_f26
    running ISMIP7_scalar_processing.py ...
    running ISMIP7_variable_HgridST_processing.py ...
    running ISMIP7_variable_HgridFL_processing.py ...
    running ISMIP7_variable_VelogridST_processing.py ...

===== ssp585_m01_r01 =====
    /nird/datapeak/NS5011K/users/mali/CISM/GrIS/cism_storage/ismip7_gris_04km_old_driver/GrIS_04km_v01_geo01_ghf01_smb01_otf01_pow/proj/greenland_04km_v01_m01_r01_f85
    running ISMIP7_scalar_processing.py ...
    running ISMIP7_variable_HgridST_processing.py ...
    running ISMIP7_variable_HgridFL_processing.py ...
    running ISMIP7_variable_VelogridST_processing.py ...

===== ssp585_m02_r02 =====
    /nird/datapeak/NS5011K/users/mali/CISM/GrIS/cism_storage/ismip7_gris_04km_old_driver/GrIS_04km_v01_geo01_ghf01_smb01_otf01_pow/proj/greenland_04km_v01_m02_r02_f85
    running ISMIP7_scalar_processing.py ...
    running ISMIP7_variable_HgridST_processing.py ...
    running ISMIP7_variable_HgridFL_processing.py ...
    running ISMIP7_variable_VelogridST_processing.py ...

===== ctrl-proj_m01_r01 =====
    /nird/datapeak/NS5011K/users/mali/CISM/GrIS/cism_storage/ismip7_gris_04km_old_driver/GrIS_04km_v01_geo01_ghf01_smb01_otf01_pow/proj/ctrl-proj_m01_r01
    running ISMIP7_scalar_processing.py ...
    running ISMIP7_variable_HgridST_processing.py ...
    running ISMIP7_variable_HgridFL_processing.py ...
    running ISMIP7_variable_VelogridST_processing.py ...

===== ctrl-proj_m02_r02 =====
    /nird/datapeak/NS5011K/users/mali/CISM/GrIS/cism_storage/ismip7_gris_04km_old_driver/GrIS_04km_v01_geo01_ghf01_smb01_otf01_pow/proj/ctrl-proj_m02_r02
    running ISMIP7_scalar_processing.py ...
    running ISMIP7_variable_HgridST_processing.py ...
    running ISMIP7_variable_HgridFL_processing.py ...
    ERROR: ISMIP7_variable_HgridFL_processing.py failed with return code 1

===== ocx_ocx_r01 =====
    /nird/datapeak/NS5011K/users/mali/CISM/GrIS/cism_storage/ismip7_gris_04km_old_driver/GrIS_04km_v01_geo01_ghf01_smb01_otf01_pow/proj/OCX
    running ISMIP7_scalar_processing.py ...
    running ISMIP7_variable_HgridST_processing.py ...
    running ISMIP7_variable_HgridFL_processing.py ...
    running ISMIP7_variable_VelogridST_processing.py ...

===== Summary =====
  historical_m01_r01    OK
  historical_m02_r02    OK
  ssp370_m01_r01        OK
  ssp370_m02_r02        OK
  ssp126_m01_r01        OK
  ssp126_m02_r02        OK
  ssp585_m01_r01        OK
  ssp585_m02_r02        OK
  ctrl-proj_m01_r01     OK
  ctrl-proj_m02_r02     FAILED (ISMIP7_variable_HgridFL_processing.py)
  ocx_ocx_r01           OK

Finished at 2026-09-30 16:05:44: 11 runs, 1 failed
